sample_id,run_id,state,recording_type,classification_group,F1_mean_response,F2_temporal_change,ThresholdF1,SVMF1,SVMF2,SVMF1_F2,TreeF1_F2
1,1,Water,Transition,Transition Water,38.438,0.369999999999997,-1,1,1,1,1
2,1,Water,Transition,Transition Water,38.993,0,-1,1,1,1,1
3,1,Water,Transition,Transition Water,39.521,0.370000000000005,-1,1,1,1,1
4,1,Water,Transition,Transition Water,40.002,0.369999999999997,1,1,1,1,1
5,1,Water,Transition,Transition Water,40.52,0,1,1,1,1,1
6,2,Oil,Transition,Transition Oil,3.35,0,-1,-1,1,-1,-1
7,2,Oil,Transition,Transition Oil,3.387,0,-1,-1,1,-1,-1
8,2,Oil,Transition,Transition Oil,3.72,0,-1,-1,1,-1,-1
9,2,Oil,Transition,Transition Oil,3.72,0,-1,-1,1,-1,-1
10,2,Oil,Transition,Transition Oil,3.72,0,-1,-1,1,-1,-1
11,2,Oil,Transition,Transition Oil,3.72,0,-1,-1,1,-1,-1
12,2,Oil,Transition,Transition Oil,3.72,0,-1,-1,1,-1,-1
13,2,Oil,Transition,Transition Oil,3.72,0,-1,-1,1,-1,-1
14,2,Oil,Transition,Transition Oil,3.72,0,-1,-1,1,-1,-1
15,2,Oil,Transition,Transition Oil,3.424,-0.37,-1,-1,-1,-1,-1
16,2,Oil,Transition,Transition Oil,3.35,0,-1,-1,1,-1,-1
17,2,Oil,Transition,Transition Oil,3.16,-0.38,-1,-1,-1,-1,-1
18,2,Oil,Transition,Transition Oil,2.97,0,-1,-1,1,-1,-1
19,2,Oil,Transition,Transition Oil,2.748,-0.37,-1,-1,-1,-1,-1
20,2,Oil,Transition,Transition Oil,2.6,0,-1,-1,1,-1,-1
21,2,Oil,Transition,Transition Oil,2.6,0,-1,-1,1,-1,-1
22,2,Oil,Transition,Transition Oil,2.6,0,-1,-1,1,-1,-1
23,2,Oil,Transition,Transition Oil,2.563,0,-1,-1,1,-1,-1
24,2,Oil,Transition,Transition Oil,2.378,-0.37,-1,-1,-1,-1,-1
25,2,Oil,Transition,Transition Oil,2.267,-0.37,-1,-1,-1,-1,-1
26,2,Oil,Transition,Transition Oil,2.23,0,-1,-1,1,-1,-1
27,2,Oil,Transition,Transition Oil,2.23,0,-1,-1,1,-1,-1
28,2,Oil,Transition,Transition Oil,2.23,0,-1,-1,1,-1,-1
29,2,Oil,Transition,Transition Oil,2.23,0,-1,-1,1,-1,-1
30,2,Oil,Transition,Transition Oil,2.23,0,-1,-1,1,-1,-1
31,2,Oil,Transition,Transition Oil,2.23,0,-1,-1,1,-1,-1
32,2,Oil,Transition,Transition Oil,2.23,0,-1,-1,1,-1,-1
33,2,Oil,Transition,Transition Oil,2.23,0,-1,-1,1,-1,-1
34,2,Oil,Transition,Transition Oil,2.23,0,-1,-1,1,-1,-1
35,2,Oil,Transition,Transition Oil,2.23,0,-1,-1,1,-1,-1
36,2,Oil,Transition,Transition Oil,2.23,0,-1,-1,1,-1,-1
37,2,Oil,Transition,Transition Oil,2.23,0,-1,-1,1,-1,-1
38,2,Oil,Transition,Transition Oil,2.23,0,-1,-1,1,-1,-1
39,2,Oil,Transition,Transition Oil,2.193,0,-1,-1,1,-1,-1
40,2,Oil,Transition,Transition Oil,2.193,0,-1,-1,1,-1,-1
41,2,Oil,Transition,Transition Oil,2.23,0,-1,-1,1,-1,-1
42,2,Oil,Transition,Transition Oil,2.156,0,-1,-1,1,-1,-1
43,2,Oil,Transition,Transition Oil,1.971,0,-1,-1,1,-1,-1
44,2,Oil,Transition,Transition Oil,2.008,0,-1,-1,1,-1,-1
45,2,Oil,Transition,Transition Oil,2.156,-0.37,-1,-1,-1,-1,-1
46,2,Oil,Transition,Transition Oil,2.156,-0.37,-1,-1,-1,-1,-1
47,2,Oil,Transition,Transition Oil,2.119,0.37,-1,-1,1,-1,1
48,3,Water,Transition,Transition Water,3.794,1.11,-1,-1,1,1,1
49,3,Water,Transition,Transition Water,5.912,1.49,-1,-1,1,1,1
50,3,Water,Transition,Transition Water,7.88,1.12,-1,-1,1,1,1
51,3,Water,Transition,Transition Water,9.778,1.12,-1,-1,1,1,1
52,3,Water,Transition,Transition Water,11.748,1.12,-1,-1,1,1,1
53,3,Water,Transition,Transition Water,13.567,1.12,-1,-1,1,1,1
54,3,Water,Transition,Transition Water,15.352,1.12,-1,-1,1,1,1
55,3,Water,Transition,Transition Water,16.656,0.740000000000002,-1,-1,1,1,1
56,3,Water,Transition,Transition Water,17.768,0.75,-1,-1,1,1,1
57,3,Water,Transition,Transition Water,18.886,0.739999999999998,-1,-1,1,1,1
58,3,Water,Transition,Transition Water,20.11,0.75,-1,1,1,1,1
59,3,Water,Transition,Transition Water,21.042,0.370000000000001,-1,1,1,1,1
60,3,Water,Transition,Transition Water,21.782,0.370000000000001,-1,1,1,1,1
61,3,Water,Transition,Transition Water,22.414,0.379999999999999,-1,1,1,1,1
62,3,Water,Transition,Transition Water,23.124,0.370000000000001,-1,1,1,1,1
63,3,Water,Transition,Transition Water,23.716,0.739999999999998,-1,1,1,1,1
64,3,Water,Transition,Transition Water,24.388,0.379999999999999,-1,1,1,1,1
65,3,Water,Transition,Transition Water,24.984,0.370000000000001,-1,1,1,1,1
66,3,Water,Transition,Transition Water,25.613,0.370000000000001,-1,1,1,1,1
67,3,Water,Transition,Transition Water,26.28,0.370000000000001,-1,1,1,1,1
68,3,Water,Transition,Transition Water,27.103,0.740000000000002,-1,1,1,1,1
69,3,Water,Transition,Transition Water,28.065,0.370000000000001,-1,1,1,1,1
70,3,Water,Transition,Transition Water,28.885,0.75,-1,1,1,1,1
71,3,Water,Transition,Transition Water,29.851,0.370000000000001,-1,1,1,1,1
72,3,Water,Transition,Transition Water,30.708,0.379999999999999,-1,1,1,1,1
73,3,Water,Transition,Transition Water,31.489,0.739999999999998,-1,1,1,1,1
74,3,Water,Transition,Transition Water,32.377,0.740000000000002,-1,1,1,1,1
75,3,Water,Transition,Transition Water,33.275,0.369999999999997,-1,1,1,1,1
76,3,Water,Transition,Transition Water,34.348,0.740000000000002,-1,1,1,1,1
77,3,Water,Transition,Transition Water,35.468,0.369999999999997,-1,1,1,1,1
78,3,Water,Transition,Transition Water,36.393,0.739999999999995,-1,1,1,1,1
79,3,Water,Transition,Transition Water,37.209,0.75,-1,1,1,1,1
80,3,Water,Transition,Transition Water,37.994,0.369999999999997,-1,1,1,1,1
81,3,Water,Transition,Transition Water,38.771,0.370000000000005,-1,1,1,1,1
82,3,Water,Transition,Transition Water,39.484,0.370000000000005,-1,1,1,1,1
83,3,Water,Transition,Transition Water,40.298,0.370000000000005,1,1,1,1,1
84,3,Water,Transition,Transition Water,40.89,0,1,1,1,1,1
85,3,Water,Transition,Transition Water,41.488,0.380000000000003,1,1,1,1,1
86,3,Water,Transition,Transition Water,42.084,0.370000000000005,1,1,1,1,1
87,3,Water,Transition,Transition Water,42.565,0.369999999999997,1,1,1,1,1
88,3,Water,Transition,Transition Water,43.12,0,1,1,1,1,1
89,3,Water,Transition,Transition Water,43.566,0.379999999999995,1,1,1,1,1
90,3,Water,Transition,Transition Water,44.055,0.370000000000005,1,1,1,1,1
91,4,Oil,Transition,Transition Oil,3.72,0,-1,-1,1,-1,-1
92,4,Oil,Transition,Transition Oil,3.572,0.37,-1,-1,1,-1,-1
93,4,Oil,Transition,Transition Oil,3.387,-0.37,-1,-1,-1,-1,-1
94,4,Oil,Transition,Transition Oil,3.35,0,-1,-1,1,-1,-1
95,4,Oil,Transition,Transition Oil,3.35,0,-1,-1,1,-1,-1
96,4,Oil,Transition,Transition Oil,3.35,0,-1,-1,1,-1,-1
97,4,Oil,Transition,Transition Oil,3.35,0,-1,-1,1,-1,-1
98,4,Oil,Transition,Transition Oil,3.35,0,-1,-1,1,-1,-1
99,4,Oil,Transition,Transition Oil,3.274,0,-1,-1,1,-1,-1
100,4,Oil,Transition,Transition Oil,3.008,0,-1,-1,1,-1,-1
101,4,Oil,Transition,Transition Oil,2.97,0,-1,-1,1,-1,-1
102,4,Oil,Transition,Transition Oil,2.97,0,-1,-1,1,-1,-1
103,4,Oil,Transition,Transition Oil,2.933,0,-1,-1,1,-1,-1
104,4,Oil,Transition,Transition Oil,2.859,0,-1,-1,1,-1,-1
105,4,Oil,Transition,Transition Oil,2.637,0,-1,-1,1,-1,-1
106,4,Oil,Transition,Transition Oil,2.637,0,-1,-1,1,-1,-1
107,4,Oil,Transition,Transition Oil,2.6,0,-1,-1,1,-1,-1
108,4,Oil,Transition,Transition Oil,2.6,0,-1,-1,1,-1,-1
109,4,Oil,Transition,Transition Oil,2.6,0,-1,-1,1,-1,-1
110,4,Oil,Transition,Transition Oil,2.6,0,-1,-1,1,-1,-1
111,4,Oil,Transition,Transition Oil,2.6,0,-1,-1,1,-1,-1
112,4,Oil,Transition,Transition Oil,2.6,0,-1,-1,1,-1,-1
113,4,Oil,Transition,Transition Oil,2.6,0,-1,-1,1,-1,-1
114,4,Oil,Transition,Transition Oil,2.6,0,-1,-1,1,-1,-1
115,4,Oil,Transition,Transition Oil,2.526,0,-1,-1,1,-1,-1
116,4,Oil,Transition,Transition Oil,2.341,-0.37,-1,-1,-1,-1,-1
117,4,Oil,Transition,Transition Oil,2.267,0,-1,-1,1,-1,-1
118,4,Oil,Transition,Transition Oil,2.267,-0.37,-1,-1,-1,-1,-1
119,4,Oil,Transition,Transition Oil,2.23,0,-1,-1,1,-1,-1
120,4,Oil,Transition,Transition Oil,2.267,0,-1,-1,1,-1,-1
121,4,Oil,Transition,Transition Oil,2.23,0,-1,-1,1,-1,-1
122,4,Oil,Transition,Transition Oil,2.23,0,-1,-1,1,-1,-1
123,4,Oil,Transition,Transition Oil,2.23,0,-1,-1,1,-1,-1
124,4,Oil,Transition,Transition Oil,2.23,0,-1,-1,1,-1,-1
125,4,Oil,Transition,Transition Oil,2.23,0,-1,-1,1,-1,-1
126,4,Oil,Transition,Transition Oil,2.23,0,-1,-1,1,-1,-1
127,4,Oil,Transition,Transition Oil,2.23,0,-1,-1,1,-1,-1
128,4,Oil,Transition,Transition Oil,2.23,0,-1,-1,1,-1,-1
129,4,Oil,Transition,Transition Oil,2.23,0,-1,-1,1,-1,-1
130,4,Oil,Transition,Transition Oil,2.23,0,-1,-1,1,-1,-1
131,4,Oil,Transition,Transition Oil,2.23,0,-1,-1,1,-1,-1
132,4,Oil,Transition,Transition Oil,2.23,0,-1,-1,1,-1,-1
133,4,Oil,Transition,Transition Oil,2.23,0,-1,-1,1,-1,-1
134,4,Oil,Transition,Transition Oil,2.23,0,-1,-1,1,-1,-1
135,4,Oil,Transition,Transition Oil,2.23,0,-1,-1,1,-1,-1
136,4,Oil,Transition,Transition Oil,2.23,0,-1,-1,1,-1,-1
137,4,Oil,Transition,Transition Oil,2.23,0,-1,-1,1,-1,-1
138,4,Oil,Transition,Transition Oil,2.23,0,-1,-1,1,-1,-1
139,5,Water,Transition,Transition Water,3.272,0.75,-1,-1,1,1,1
140,5,Water,Transition,Transition Water,5.091,1.12,-1,-1,1,1,1
141,5,Water,Transition,Transition Water,6.949,1.11,-1,-1,1,1,1
142,5,Water,Transition,Transition Water,8.402,0.74,-1,-1,1,1,1
143,5,Water,Transition,Transition Water,9.892,0.74,-1,-1,1,1,1
144,5,Water,Transition,Transition Water,11.113,0.74,-1,-1,1,1,1
145,5,Water,Transition,Transition Water,12.529,0.74,-1,-1,1,1,1
146,5,Water,Transition,Transition Water,13.829,0.75,-1,-1,1,1,1
147,5,Water,Transition,Transition Water,15.092,0.74,-1,-1,1,1,1
148,5,Water,Transition,Transition Water,16.249,0.74,-1,-1,1,1,1
149,5,Water,Transition,Transition Water,17.137,0.369999999999997,-1,-1,1,1,1
150,5,Water,Transition,Transition Water,18.738,0.370000000000001,-1,-1,1,1,1
151,5,Water,Transition,Transition Water,19.515,0.370000000000001,-1,-1,1,1,1
152,5,Water,Transition,Transition Water,20.108,0.379999999999999,-1,1,1,1,1
153,5,Water,Transition,Transition Water,21.005,0.370000000000001,-1,1,1,1,1
154,5,Water,Transition,Transition Water,21.634,0.370000000000001,-1,1,1,1,1
155,5,Water,Transition,Transition Water,22.414,0.379999999999999,-1,1,1,1,1
156,5,Water,Transition,Transition Water,23.161,0.370000000000001,-1,1,1,1,1
157,5,Water,Transition,Transition Water,24.538,0.75,-1,1,1,1,1
158,5,Water,Transition,Transition Water,25.465,0.369999999999997,-1,1,1,1,1
159,5,Water,Transition,Transition Water,26.467,0.379999999999999,-1,1,1,1,1
160,5,Water,Transition,Transition Water,27.621,0.739999999999998,-1,1,1,1,1
161,5,Water,Transition,Transition Water,28.697,0.379999999999999,-1,1,1,1,1
162,5,Water,Transition,Transition Water,29.666,0.739999999999998,-1,1,1,1,1
163,5,Water,Transition,Transition Water,30.708,0.379999999999999,-1,1,1,1,1
164,5,Water,Transition,Transition Water,31.785,0.369999999999997,-1,1,1,1,1
165,5,Water,Transition,Transition Water,32.562,0.369999999999997,-1,1,1,1,1
166,5,Water,Transition,Transition Water,33.349,0.369999999999997,-1,1,1,1,1
167,5,Water,Transition,Transition Water,34.126,0.740000000000002,-1,1,1,1,1
168,5,Water,Transition,Transition Water,34.94,0,-1,1,1,1,1
169,5,Water,Transition,Transition Water,35.542,0.369999999999997,-1,1,1,1,1
170,5,Water,Transition,Transition Water,36.282,0.369999999999997,-1,1,1,1,1
171,5,Water,Transition,Transition Water,36.763,0.369999999999997,-1,1,1,1,1
172,5,Water,Transition,Transition Water,37.246,0.379999999999995,-1,1,1,1,1
173,5,Water,Transition,Transition Water,37.772,0.370000000000005,-1,1,1,1,1
174,5,Water,Transition,Transition Water,38.142,0.369999999999997,-1,1,1,1,1
175,5,Water,Transition,Transition Water,38.549,0.369999999999997,-1,1,1,1,1
176,5,Water,Transition,Transition Water,39.069,0.379999999999995,-1,1,1,1,1
177,5,Water,Transition,Transition Water,39.484,0.370000000000005,-1,1,1,1,1
178,5,Water,Transition,Transition Water,40.002,0.369999999999997,1,1,1,1,1
179,5,Water,Transition,Transition Water,40.52,0,1,1,1,1,1
180,5,Water,Transition,Transition Water,40.927,0.369999999999997,1,1,1,1,1
181,5,Water,Transition,Transition Water,41.488,0.380000000000003,1,1,1,1,1
182,6,Oil,Transition,Transition Oil,27.252,-34.58,-1,1,-1,-1,-1
183,6,Oil,Transition,Transition Oil,3.868,-0.37,-1,-1,-1,-1,-1
184,6,Oil,Transition,Transition Oil,3.72,0,-1,-1,1,-1,-1
185,6,Oil,Transition,Transition Oil,3.757,0,-1,-1,1,-1,-1
186,6,Oil,Transition,Transition Oil,4.09,0,-1,-1,1,-1,-1
187,6,Oil,Transition,Transition Oil,4.09,0,-1,-1,1,-1,-1
188,6,Oil,Transition,Transition Oil,4.09,0,-1,-1,1,-1,-1
189,6,Oil,Transition,Transition Oil,4.201,-0.37,-1,-1,-1,-1,-1
190,6,Oil,Transition,Transition Oil,4.09,0,-1,-1,1,-1,-1
191,6,Oil,Transition,Transition Oil,4.09,0,-1,-1,1,-1,-1
192,6,Oil,Transition,Transition Oil,4.053,-0.37,-1,-1,-1,-1,-1
193,6,Oil,Transition,Transition Oil,3.72,0,-1,-1,1,-1,-1
194,6,Oil,Transition,Transition Oil,3.498,-0.37,-1,-1,-1,-1,-1
195,6,Oil,Transition,Transition Oil,3.35,0,-1,-1,1,-1,-1
196,6,Oil,Transition,Transition Oil,3.046,-0.38,-1,-1,-1,-1,-1
197,6,Oil,Transition,Transition Oil,2.97,0,-1,-1,1,-1,-1
198,6,Oil,Transition,Transition Oil,2.711,-0.37,-1,-1,-1,-1,-1
199,6,Oil,Transition,Transition Oil,2.637,0,-1,-1,1,-1,-1
200,6,Oil,Transition,Transition Oil,2.6,0,-1,-1,1,-1,-1
201,6,Oil,Transition,Transition Oil,2.6,0,-1,-1,1,-1,-1
202,6,Oil,Transition,Transition Oil,2.6,0,-1,-1,1,-1,-1
203,6,Oil,Transition,Transition Oil,2.6,0,-1,-1,1,-1,-1
204,6,Oil,Transition,Transition Oil,2.304,-0.37,-1,-1,-1,-1,-1
205,6,Oil,Transition,Transition Oil,2.267,-0.37,-1,-1,-1,-1,-1
206,6,Oil,Transition,Transition Oil,2.23,0,-1,-1,1,-1,-1
207,6,Oil,Transition,Transition Oil,2.23,0,-1,-1,1,-1,-1
208,6,Oil,Transition,Transition Oil,2.23,0,-1,-1,1,-1,-1
209,6,Oil,Transition,Transition Oil,2.23,0,-1,-1,1,-1,-1
210,6,Oil,Transition,Transition Oil,2.23,0,-1,-1,1,-1,-1
211,6,Oil,Transition,Transition Oil,2.23,0,-1,-1,1,-1,-1
212,6,Oil,Transition,Transition Oil,2.23,0,-1,-1,1,-1,-1
213,6,Oil,Transition,Transition Oil,2.23,0,-1,-1,1,-1,-1
214,6,Oil,Transition,Transition Oil,2.23,0,-1,-1,1,-1,-1
215,6,Oil,Transition,Transition Oil,2.23,0,-1,-1,1,-1,-1
216,6,Oil,Transition,Transition Oil,2.23,0,-1,-1,1,-1,-1
217,6,Oil,Transition,Transition Oil,2.23,0,-1,-1,1,-1,-1
218,6,Oil,Transition,Transition Oil,2.23,0,-1,-1,1,-1,-1
219,6,Oil,Transition,Transition Oil,2.23,0,-1,-1,1,-1,-1
220,6,Oil,Transition,Transition Oil,2.23,0,-1,-1,1,-1,-1
221,6,Oil,Transition,Transition Oil,2.23,0,-1,-1,1,-1,-1
222,6,Oil,Transition,Transition Oil,2.23,0,-1,-1,1,-1,-1
223,6,Oil,Transition,Transition Oil,2.23,0,-1,-1,1,-1,-1
224,6,Oil,Transition,Transition Oil,2.23,0,-1,-1,1,-1,-1
225,6,Oil,Transition,Transition Oil,2.23,0,-1,-1,1,-1,-1
226,6,Oil,Transition,Transition Oil,2.23,0,-1,-1,1,-1,-1
227,6,Oil,Transition,Transition Oil,2.23,0,-1,-1,1,-1,-1
228,6,Oil,Transition,Transition Oil,2.23,0,-1,-1,1,-1,-1
229,6,Oil,Transition,Transition Oil,2.23,0,-1,-1,1,-1,-1
230,6,Oil,Transition,Transition Oil,2.23,0,-1,-1,1,-1,-1
231,7,Water,Transition,Transition Water,3.459,0.75,-1,-1,1,1,1
232,7,Water,Transition,Transition Water,5.242,1.49,-1,-1,1,1,1
233,7,Water,Transition,Transition Water,7.547,1.12,-1,-1,1,1,1
234,7,Water,Transition,Transition Water,9.517,1.12,-1,-1,1,1,1
235,7,Water,Transition,Transition Water,11.224,0.74,-1,-1,1,1,1
236,7,Water,Transition,Transition Water,12.862,1.11,-1,-1,1,1,1
237,7,Water,Transition,Transition Water,14.611,1.11,-1,-1,1,1,1
238,7,Water,Transition,Transition Water,16.36,1.11,-1,-1,1,1,1
239,7,Water,Transition,Transition Water,17.768,0.75,-1,-1,1,1,1
240,7,Water,Transition,Transition Water,19.145,0.739999999999998,-1,-1,1,1,1
241,7,Water,Transition,Transition Water,20.26,0.379999999999999,-1,1,1,1,1
242,7,Water,Transition,Transition Water,21.301,0.369999999999997,-1,1,1,1,1
243,7,Water,Transition,Transition Water,22.152,0.370000000000001,-1,1,1,1,1
244,7,Water,Transition,Transition Water,22.902,0.370000000000001,-1,1,1,1,1
245,7,Water,Transition,Transition Water,23.642,0.369999999999997,-1,1,1,1,1
246,7,Water,Transition,Transition Water,24.35,0.379999999999999,-1,1,1,1,1
247,7,Water,Transition,Transition Water,24.91,0.740000000000002,-1,1,1,1,1
248,7,Water,Transition,Transition Water,25.539,0.369999999999997,-1,1,1,1,1
249,7,Water,Transition,Transition Water,26.094,0.370000000000001,-1,1,1,1,1
250,7,Water,Transition,Transition Water,26.618,0.379999999999999,-1,1,1,1,1
251,7,Water,Transition,Transition Water,27.177,0.370000000000001,-1,1,1,1,1
252,7,Water,Transition,Transition Water,27.621,0.369999999999997,-1,1,1,1,1
253,7,Water,Transition,Transition Water,28.139,0.370000000000001,-1,1,1,1,1
254,7,Water,Transition,Transition Water,28.772,0.379999999999999,-1,1,1,1,1
255,7,Water,Transition,Transition Water,29.222,0.370000000000001,-1,1,1,1,1
256,7,Water,Transition,Transition Water,29.962,0.370000000000001,-1,1,1,1,1
257,7,Water,Transition,Transition Water,30.48,0,-1,1,1,1,1
258,7,Water,Transition,Transition Water,31.045,0.370000000000001,-1,1,1,1,1
259,7,Water,Transition,Transition Water,31.711,0.369999999999997,-1,1,1,1,1
260,7,Water,Transition,Transition Water,32.303,0.370000000000005,-1,1,1,1,1
261,7,Water,Transition,Transition Water,32.9,0.380000000000003,-1,1,1,1,1
262,7,Water,Transition,Transition Water,33.571,0.369999999999997,-1,1,1,1,1
263,7,Water,Transition,Transition Water,34.163,0.740000000000002,-1,1,1,1,1
264,7,Water,Transition,Transition Water,34.866,0.369999999999997,-1,1,1,1,1
265,7,Water,Transition,Transition Water,35.542,0.369999999999997,-1,1,1,1,1
266,7,Water,Transition,Transition Water,36.245,0.369999999999997,-1,1,1,1,1
267,7,Water,Transition,Transition Water,36.874,0.370000000000005,-1,1,1,1,1
268,7,Water,Transition,Transition Water,37.474,0.379999999999995,-1,1,1,1,1
269,7,Water,Transition,Transition Water,38.068,0.369999999999997,-1,1,1,1,1
270,7,Water,Transition,Transition Water,38.771,0.370000000000005,-1,1,1,1,1
271,7,Water,Transition,Transition Water,39.372,0.379999999999995,-1,1,1,1,1
272,7,Water,Transition,Transition Water,40.002,0.369999999999997,1,1,1,1,1
273,7,Water,Transition,Transition Water,40.52,0,1,1,1,1,1
274,7,Water,Transition,Transition Water,40.964,0.369999999999997,1,1,1,1,1
275,7,Water,Transition,Transition Water,41.336,0.380000000000003,1,1,1,1,1
276,7,Water,Transition,Transition Water,41.862,0.369999999999997,1,1,1,1,1
277,8,Oil,Transition,Transition Oil,3.868,-0.37,-1,-1,-1,-1,-1
278,8,Oil,Transition,Transition Oil,3.646,-0.37,-1,-1,-1,-1,-1
279,8,Oil,Transition,Transition Oil,3.683,0,-1,-1,1,-1,-1
280,8,Oil,Transition,Transition Oil,3.72,0,-1,-1,1,-1,-1
281,8,Oil,Transition,Transition Oil,3.72,0,-1,-1,1,-1,-1
282,8,Oil,Transition,Transition Oil,3.72,0,-1,-1,1,-1,-1
283,8,Oil,Transition,Transition Oil,3.683,0,-1,-1,1,-1,-1
284,8,Oil,Transition,Transition Oil,3.35,0,-1,-1,1,-1,-1
285,8,Oil,Transition,Transition Oil,3.35,0,-1,-1,1,-1,-1
286,8,Oil,Transition,Transition Oil,3.198,-0.38,-1,-1,-1,-1,-1
287,8,Oil,Transition,Transition Oil,3.008,-0.38,-1,-1,-1,-1,-1
288,8,Oil,Transition,Transition Oil,2.97,0,-1,-1,1,-1,-1
289,8,Oil,Transition,Transition Oil,2.97,0,-1,-1,1,-1,-1
290,9,Water,Transition,Transition Water,22.362,0.370000000000001,-1,1,1,1,1
291,9,Water,Transition,Transition Water,22.843,0,-1,1,1,1,1
292,9,Water,Transition,Transition Water,23.472,0.370000000000001,-1,1,1,1,1
293,9,Water,Transition,Transition Water,24.134,0.360000000000003,-1,1,1,1,1
294,9,Water,Transition,Transition Water,24.979,0.740000000000002,-1,1,1,1,1
295,9,Water,Transition,Transition Water,26.089,0.740000000000002,-1,1,1,1,1
296,9,Water,Transition,Transition Water,27.236,0.739999999999998,-1,1,1,1,1
297,9,Water,Transition,Transition Water,28.336,0.740000000000002,-1,1,1,1,1
298,9,Water,Transition,Transition Water,29.594,0.370000000000001,-1,1,1,1,1
299,9,Water,Transition,Transition Water,30.593,0.739999999999998,-1,1,1,1,1
300,9,Water,Transition,Transition Water,31.586,0.359999999999999,-1,1,1,1,1
301,9,Water,Transition,Transition Water,32.507,0.740000000000002,-1,1,1,1,1
302,9,Water,Transition,Transition Water,33.432,0.369999999999997,-1,1,1,1,1
303,9,Water,Transition,Transition Water,34.246,0.739999999999995,-1,1,1,1,1
304,9,Water,Transition,Transition Water,35.168,0.359999999999999,-1,1,1,1,1
305,9,Water,Transition,Transition Water,35.901,0.369999999999997,-1,1,1,1,1
306,9,Water,Transition,Transition Water,36.604,0.369999999999997,-1,1,1,1,1
307,9,Water,Transition,Transition Water,37.529,0.739999999999995,-1,1,1,1,1
308,9,Water,Transition,Transition Water,38.454,0.369999999999997,-1,1,1,1,1
309,9,Water,Transition,Transition Water,39.184,0.369999999999997,-1,1,1,1,1
310,9,Water,Transition,Transition Water,39.739,0.370000000000005,-1,1,1,1,1
311,9,Water,Transition,Transition Water,40.442,0.370000000000005,1,1,1,1,1
312,9,Water,Transition,Transition Water,41.071,0.369999999999997,1,1,1,1,1
313,9,Water,Transition,Transition Water,41.7,0.740000000000002,1,1,1,1,1
314,9,Water,Transition,Transition Water,42.292,0.369999999999997,1,1,1,1,1
315,9,Water,Transition,Transition Water,42.584,0.359999999999999,1,1,1,1,1
316,9,Water,Transition,Transition Water,43.022,0.370000000000005,1,1,1,1,1
317,9,Water,Transition,Transition Water,43.466,0.369999999999997,1,1,1,1,1
318,9,Water,Transition,Transition Water,44.021,0.370000000000005,1,1,1,1,1
319,10,Oil,Transition,Transition Oil,4.023,-0.74,-1,-1,-1,-1,-1
320,10,Oil,Transition,Transition Oil,3.32,0,-1,-1,1,-1,-1
321,10,Oil,Transition,Transition Oil,3.32,0,-1,-1,1,-1,-1
322,10,Oil,Transition,Transition Oil,3.246,0,-1,-1,1,-1,-1
323,10,Oil,Transition,Transition Oil,3.542,0.37,-1,-1,1,-1,-1
324,10,Oil,Transition,Transition Oil,4.06,0,-1,-1,1,-1,-1
325,10,Oil,Transition,Transition Oil,4.541,0.37,-1,-1,1,-1,-1
326,10,Oil,Transition,Transition Oil,5.022,0.37,-1,-1,1,-1,-1
327,10,Oil,Transition,Transition Oil,4.948,-0.37,-1,-1,-1,-1,-1
328,10,Oil,Transition,Transition Oil,4.393,-0.37,-1,-1,-1,-1,-1
329,10,Oil,Transition,Transition Oil,4.06,0,-1,-1,1,-1,-1
330,10,Oil,Transition,Transition Oil,4.06,0,-1,-1,1,-1,-1
331,10,Oil,Transition,Transition Oil,3.727,0,-1,-1,1,-1,-1
332,10,Oil,Transition,Transition Oil,3.801,0,-1,-1,1,-1,-1
333,10,Oil,Transition,Transition Oil,3.69,0,-1,-1,1,-1,-1
334,10,Oil,Transition,Transition Oil,3.69,0,-1,-1,1,-1,-1
335,10,Oil,Transition,Transition Oil,3.616,0,-1,-1,1,-1,-1
336,10,Oil,Transition,Transition Oil,3.357,-0.37,-1,-1,-1,-1,-1
337,10,Oil,Transition,Transition Oil,3.32,0,-1,-1,1,-1,-1
338,10,Oil,Transition,Transition Oil,3.32,0,-1,-1,1,-1,-1
339,10,Oil,Transition,Transition Oil,3.32,0,-1,-1,1,-1,-1
340,10,Oil,Transition,Transition Oil,2.95,0,-1,-1,1,-1,-1
341,10,Oil,Transition,Transition Oil,2.95,0,-1,-1,1,-1,-1
342,10,Oil,Transition,Transition Oil,2.95,0,-1,-1,1,-1,-1
343,10,Oil,Transition,Transition Oil,2.95,0,-1,-1,1,-1,-1
344,10,Oil,Transition,Transition Oil,2.839,-0.37,-1,-1,-1,-1,-1
345,10,Oil,Transition,Transition Oil,2.58,0,-1,-1,1,-1,-1
346,10,Oil,Transition,Transition Oil,2.58,0,-1,-1,1,-1,-1
347,10,Oil,Transition,Transition Oil,2.58,0,-1,-1,1,-1,-1
348,10,Oil,Transition,Transition Oil,2.58,0,-1,-1,1,-1,-1
349,10,Oil,Transition,Transition Oil,2.58,0,-1,-1,1,-1,-1
350,10,Oil,Transition,Transition Oil,2.58,0,-1,-1,1,-1,-1
351,10,Oil,Transition,Transition Oil,2.58,0,-1,-1,1,-1,-1
352,10,Oil,Transition,Transition Oil,2.58,0,-1,-1,1,-1,-1
353,10,Oil,Transition,Transition Oil,2.58,0,-1,-1,1,-1,-1
354,10,Oil,Transition,Transition Oil,2.58,0,-1,-1,1,-1,-1
355,10,Oil,Transition,Transition Oil,2.58,0,-1,-1,1,-1,-1
356,10,Oil,Transition,Transition Oil,2.58,0,-1,-1,1,-1,-1
357,10,Oil,Transition,Transition Oil,2.58,0,-1,-1,1,-1,-1
358,10,Oil,Transition,Transition Oil,2.58,0,-1,-1,1,-1,-1
359,10,Oil,Transition,Transition Oil,2.58,0,-1,-1,1,-1,-1
360,10,Oil,Transition,Transition Oil,2.58,0,-1,-1,1,-1,-1
361,10,Oil,Transition,Transition Oil,2.58,0,-1,-1,1,-1,-1
362,10,Oil,Transition,Transition Oil,2.58,0,-1,-1,1,-1,-1
363,11,Water,Transition,Transition Water,2.802,0.37,-1,-1,1,-1,-1
364,11,Water,Transition,Transition Water,3.986,0.74,-1,-1,1,1,1
365,11,Water,Transition,Transition Water,5.978,1.47,-1,-1,1,1,1
366,11,Water,Transition,Transition Water,9.594,1.84,-1,-1,1,1,1
367,11,Water,Transition,Transition Water,11.292,1.11,-1,-1,1,1,1
368,11,Water,Transition,Transition Water,12.402,0.74,-1,-1,1,1,1
369,11,Water,Transition,Transition Water,13.465,0.370000000000001,-1,-1,1,1,1
370,11,Water,Transition,Transition Water,14.279,0.74,-1,-1,1,1,1
371,11,Water,Transition,Transition Water,15.056,0.370000000000001,-1,-1,1,1,1
372,11,Water,Transition,Transition Water,15.944,0.739999999999998,-1,-1,1,1,1
373,11,Water,Transition,Transition Water,16.862,0.359999999999999,-1,-1,1,1,1
374,11,Water,Transition,Transition Water,17.562,0.370000000000001,-1,-1,1,1,1
375,11,Water,Transition,Transition Water,18.228,0.370000000000001,-1,-1,1,1,1
376,11,Water,Transition,Transition Water,18.783,0.370000000000001,-1,-1,1,1,1
377,11,Water,Transition,Transition Water,19.375,0.369999999999997,-1,-1,1,1,1
378,11,Water,Transition,Transition Water,19.893,0,-1,1,1,-1,1
379,11,Water,Transition,Transition Water,20.372,0.359999999999999,-1,1,1,1,1
380,11,Water,Transition,Transition Water,20.734,0,-1,1,1,-1,1
381,11,Water,Transition,Transition Water,21.067,0.369999999999997,-1,1,1,1,1
382,11,Water,Transition,Transition Water,21.548,0.370000000000001,-1,1,1,1,1
383,11,Water,Transition,Transition Water,22.103,0.370000000000001,-1,1,1,1,1
384,11,Water,Transition,Transition Water,22.547,0.369999999999997,-1,1,1,1,1
385,11,Water,Transition,Transition Water,23.176,0.740000000000002,-1,1,1,1,1
386,11,Water,Transition,Transition Water,24.025,0.360000000000003,-1,1,1,1,1
387,11,Water,Transition,Transition Water,24.794,0.370000000000001,-1,1,1,1,1
388,11,Water,Transition,Transition Water,25.904,0.739999999999998,-1,1,1,1,1
389,11,Water,Transition,Transition Water,26.94,0.739999999999998,-1,1,1,1,1
390,11,Water,Transition,Transition Water,28.151,0.370000000000001,-1,1,1,1,1
391,11,Water,Transition,Transition Water,29.039,0.739999999999998,-1,1,1,1,1
392,11,Water,Transition,Transition Water,30.112,0.370000000000001,-1,1,1,1,1
393,11,Water,Transition,Transition Water,31,0.740000000000002,-1,1,1,1,1
394,11,Water,Transition,Transition Water,31.878,0.370000000000001,-1,1,1,1,1
395,11,Water,Transition,Transition Water,32.692,0.370000000000005,-1,1,1,1,1
396,11,Water,Transition,Transition Water,33.432,0.369999999999997,-1,1,1,1,1
397,11,Water,Transition,Transition Water,34.283,0.739999999999995,-1,1,1,1,1
398,11,Water,Transition,Transition Water,35.276,0.359999999999999,-1,1,1,1,1
399,11,Water,Transition,Transition Water,36.012,0.369999999999997,-1,1,1,1,1
400,11,Water,Transition,Transition Water,36.53,0,-1,1,1,1,1
401,11,Water,Transition,Transition Water,37.122,0.370000000000005,-1,1,1,1,1
402,11,Water,Transition,Transition Water,37.714,0.369999999999997,-1,1,1,1,1
403,11,Water,Transition,Transition Water,38.858,0.359999999999999,-1,1,1,1,1
404,11,Water,Transition,Transition Water,39.554,0.370000000000005,-1,1,1,1,1
405,11,Water,Transition,Transition Water,39.924,0.369999999999997,-1,1,1,1,1
406,11,Water,Transition,Transition Water,40.405,0.370000000000005,1,1,1,1,1
407,11,Water,Transition,Transition Water,40.96,0,1,1,1,1,1
408,11,Water,Transition,Transition Water,41.33,0,1,1,1,1,1
409,11,Water,Transition,Transition Water,41.774,0.369999999999997,1,1,1,1,1
410,11,Water,Transition,Transition Water,42.329,0.369999999999997,1,1,1,1,1
411,12,Oil,Transition,Transition Oil,3.579,-0.74,-1,-1,-1,-1,-1
412,12,Oil,Transition,Transition Oil,3.32,0,-1,-1,1,-1,-1
413,12,Oil,Transition,Transition Oil,3.135,0,-1,-1,1,-1,-1
414,12,Oil,Transition,Transition Oil,3.32,0,-1,-1,1,-1,-1
415,12,Oil,Transition,Transition Oil,3.283,0,-1,-1,1,-1,-1
416,12,Oil,Transition,Transition Oil,3.32,0,-1,-1,1,-1,-1
417,12,Oil,Transition,Transition Oil,3.32,0,-1,-1,1,-1,-1
418,12,Oil,Transition,Transition Oil,3.32,0,-1,-1,1,-1,-1
419,12,Oil,Transition,Transition Oil,3.32,0,-1,-1,1,-1,-1
420,12,Oil,Transition,Transition Oil,3.32,0,-1,-1,1,-1,-1
421,12,Oil,Transition,Transition Oil,3.32,0,-1,-1,1,-1,-1
422,12,Oil,Transition,Transition Oil,3.32,0,-1,-1,1,-1,-1
423,12,Oil,Transition,Transition Oil,3.505,0.37,-1,-1,1,-1,-1
424,12,Oil,Transition,Transition Oil,3.69,0,-1,-1,1,-1,-1
425,12,Oil,Transition,Transition Oil,3.727,0,-1,-1,1,-1,-1
426,12,Oil,Transition,Transition Oil,4.06,0,-1,-1,1,-1,-1
427,12,Oil,Transition,Transition Oil,4.097,0,-1,-1,1,-1,-1
428,12,Oil,Transition,Transition Oil,4.171,-0.37,-1,-1,-1,-1,-1
429,12,Oil,Transition,Transition Oil,4.356,-0.37,-1,-1,-1,-1,-1
430,12,Oil,Transition,Transition Oil,4.356,-0.37,-1,-1,-1,-1,-1
431,12,Oil,Transition,Transition Oil,4.06,0,-1,-1,1,-1,-1
432,12,Oil,Transition,Transition Oil,3.912,-0.37,-1,-1,-1,-1,-1
433,12,Oil,Transition,Transition Oil,3.69,0,-1,-1,1,-1,-1
434,12,Oil,Transition,Transition Oil,3.616,-0.37,-1,-1,-1,-1,-1
435,12,Oil,Transition,Transition Oil,3.32,0,-1,-1,1,-1,-1
436,12,Oil,Transition,Transition Oil,3.32,0,-1,-1,1,-1,-1
437,12,Oil,Transition,Transition Oil,3.283,0,-1,-1,1,-1,-1
438,12,Oil,Transition,Transition Oil,3.209,-0.37,-1,-1,-1,-1,-1
439,12,Oil,Transition,Transition Oil,3.061,-0.37,-1,-1,-1,-1,-1
440,12,Oil,Transition,Transition Oil,2.95,0,-1,-1,1,-1,-1
441,12,Oil,Transition,Transition Oil,2.95,0,-1,-1,1,-1,-1
442,12,Oil,Transition,Transition Oil,2.987,-0.37,-1,-1,-1,-1,-1
443,12,Oil,Transition,Transition Oil,2.95,0,-1,-1,1,-1,-1
444,12,Oil,Transition,Transition Oil,2.95,0,-1,-1,1,-1,-1
445,12,Oil,Transition,Transition Oil,2.95,0,-1,-1,1,-1,-1
446,12,Oil,Transition,Transition Oil,2.95,0,-1,-1,1,-1,-1
447,12,Oil,Transition,Transition Oil,2.95,0,-1,-1,1,-1,-1
448,12,Oil,Transition,Transition Oil,2.95,0,-1,-1,1,-1,-1
449,12,Oil,Transition,Transition Oil,2.95,0,-1,-1,1,-1,-1
450,12,Oil,Transition,Transition Oil,2.95,0,-1,-1,1,-1,-1
451,12,Oil,Transition,Transition Oil,2.876,-0.37,-1,-1,-1,-1,-1
452,12,Oil,Transition,Transition Oil,2.802,-0.37,-1,-1,-1,-1,-1
453,12,Oil,Transition,Transition Oil,2.654,0,-1,-1,1,-1,-1
454,12,Oil,Transition,Transition Oil,2.58,0,-1,-1,1,-1,-1
455,12,Oil,Transition,Transition Oil,2.617,-0.37,-1,-1,-1,-1,-1
456,12,Oil,Transition,Transition Oil,2.617,0,-1,-1,1,-1,-1
457,13,Water,Transition,Transition Water,4.428,2.21,-1,-1,1,1,1
458,13,Water,Transition,Transition Water,7.824,1.48,-1,-1,1,1,1
459,13,Water,Transition,Transition Water,9.705,1.1,-1,-1,1,1,1
460,13,Water,Transition,Transition Water,11.218,0.74,-1,-1,1,1,1
461,13,Water,Transition,Transition Water,12.88,0.729999999999999,-1,-1,1,1,1
462,13,Water,Transition,Transition Water,14.316,0.74,-1,-1,1,1,1
463,13,Water,Transition,Transition Water,15.426,0.739999999999998,-1,-1,1,1,1
464,13,Water,Transition,Transition Water,16.645,0.73,-1,-1,1,1,1
465,13,Water,Transition,Transition Water,17.562,0.370000000000001,-1,-1,1,1,1
466,13,Water,Transition,Transition Water,18.302,0.370000000000001,-1,-1,1,1,1
467,13,Water,Transition,Transition Water,18.894,0.370000000000001,-1,-1,1,1,1
468,13,Water,Transition,Transition Water,19.412,0.369999999999997,-1,-1,1,1,1
469,13,Water,Transition,Transition Water,20.004,0.370000000000001,-1,1,1,1,1
470,13,Water,Transition,Transition Water,20.552,0,-1,1,1,-1,1
471,13,Water,Transition,Transition Water,21.03,0,-1,1,1,-1,1
472,13,Water,Transition,Transition Water,21.511,0.370000000000001,-1,1,1,1,1
473,13,Water,Transition,Transition Water,22.029,0,-1,1,1,-1,1
474,13,Water,Transition,Transition Water,22.584,0.369999999999997,-1,1,1,1,1
475,13,Water,Transition,Transition Water,23.213,0.740000000000002,-1,1,1,1,1
476,13,Water,Transition,Transition Water,24.646,0.739999999999998,-1,1,1,1,1
477,13,Water,Transition,Transition Water,26.089,0.740000000000002,-1,1,1,1,1
478,13,Water,Transition,Transition Water,27.236,0.739999999999998,-1,1,1,1,1
479,13,Water,Transition,Transition Water,28.299,0.740000000000002,-1,1,1,1,1
480,13,Water,Transition,Transition Water,29.372,0.370000000000001,-1,1,1,1,1
481,13,Water,Transition,Transition Water,30.445,1.11,-1,1,1,1,1
482,13,Water,Transition,Transition Water,31.405,0.73,-1,1,1,1,1
483,13,Water,Transition,Transition Water,32.248,0.369999999999997,-1,1,1,1,1
484,13,Water,Transition,Transition Water,32.951,0.369999999999997,-1,1,1,1,1
485,13,Water,Transition,Transition Water,33.765,0.370000000000005,-1,1,1,1,1
486,13,Water,Transition,Transition Water,34.357,0.369999999999997,-1,1,1,1,1
487,13,Water,Transition,Transition Water,34.912,0.370000000000005,-1,1,1,1,1
488,13,Water,Transition,Transition Water,35.457,0.369999999999997,-1,1,1,1,1
489,13,Water,Transition,Transition Water,35.938,0.369999999999997,-1,1,1,1,1
490,13,Water,Transition,Transition Water,36.493,0,-1,1,1,1,1
491,13,Water,Transition,Transition Water,37.011,0.370000000000005,-1,1,1,1,1
492,13,Water,Transition,Transition Water,37.455,0.369999999999997,-1,1,1,1,1
493,13,Water,Transition,Transition Water,38.047,0.370000000000005,-1,1,1,1,1
494,13,Water,Transition,Transition Water,38.639,0.369999999999997,-1,1,1,1,1
495,13,Water,Transition,Transition Water,39.221,0,-1,1,1,1,1
496,13,Water,Transition,Transition Water,39.665,0.370000000000005,-1,1,1,1,1
497,13,Water,Transition,Transition Water,40.035,0.369999999999997,1,1,1,1,1
498,13,Water,Transition,Transition Water,40.405,0.370000000000005,1,1,1,1,1
499,13,Water,Transition,Transition Water,40.812,0.369999999999997,1,1,1,1,1
500,13,Water,Transition,Transition Water,41.33,0,1,1,1,1,1
501,13,Water,Transition,Transition Water,41.589,0.370000000000005,1,1,1,1,1
502,13,Water,Transition,Transition Water,41.848,0.369999999999997,1,1,1,1,1
503,14,Oil,Transition,Transition Oil,3.431,-0.37,-1,-1,-1,-1,-1
504,14,Oil,Transition,Transition Oil,2.987,-0.37,-1,-1,-1,-1,-1
505,14,Oil,Transition,Transition Oil,2.95,0,-1,-1,1,-1,-1
506,14,Oil,Transition,Transition Oil,2.95,0,-1,-1,1,-1,-1
507,14,Oil,Transition,Transition Oil,2.95,0,-1,-1,1,-1,-1
508,14,Oil,Transition,Transition Oil,10.7,0,-1,-1,1,-1,-1
509,14,Oil,Transition,Transition Oil,10.7,0,-1,-1,1,-1,-1
510,14,Oil,Transition,Transition Oil,10.7,0,-1,-1,1,-1,-1
511,14,Oil,Transition,Transition Oil,10.663,0,-1,-1,1,-1,-1
512,14,Oil,Transition,Transition Oil,10.626,-0.369999999999999,-1,-1,-1,-1,-1
513,14,Oil,Transition,Transition Oil,10.478,-0.369999999999999,-1,-1,-1,-1,-1
514,14,Oil,Transition,Transition Oil,10.33,0,-1,-1,1,-1,-1
515,14,Oil,Transition,Transition Oil,10.33,0,-1,-1,1,-1,-1
516,14,Oil,Transition,Transition Oil,10.33,0,-1,-1,1,-1,-1
517,14,Oil,Transition,Transition Oil,10.404,0,-1,-1,1,-1,-1
518,14,Oil,Transition,Transition Oil,10.626,0,-1,-1,1,-1,-1
519,14,Oil,Transition,Transition Oil,10.7,0,-1,-1,1,-1,-1
520,14,Oil,Transition,Transition Oil,10.7,0,-1,-1,1,-1,-1
521,14,Oil,Transition,Transition Oil,10.7,0,-1,-1,1,-1,-1
522,14,Oil,Transition,Transition Oil,10.441,0.369999999999999,-1,-1,1,-1,-1
523,14,Oil,Transition,Transition Oil,10.256,-0.369999999999999,-1,-1,-1,-1,-1
524,15,Water,Transition,Transition Water,11.736,0.74,-1,-1,1,1,1
525,15,Water,Transition,Transition Water,14.279,0.74,-1,-1,1,1,1
526,15,Water,Transition,Transition Water,15.537,0.739999999999998,-1,-1,1,1,1
527,15,Water,Transition,Transition Water,16.79,0.359999999999999,-1,-1,1,1,1
528,15,Water,Transition,Transition Water,17.858,0.369999999999997,-1,-1,1,1,1
529,15,Water,Transition,Transition Water,19.005,0.370000000000001,-1,-1,1,1,1
530,15,Water,Transition,Transition Water,19.967,0.740000000000002,-1,1,1,1,1
531,15,Water,Transition,Transition Water,20.845,0.370000000000001,-1,1,1,1,1
532,15,Water,Transition,Transition Water,21.659,0.740000000000002,-1,1,1,1,1
533,15,Water,Transition,Transition Water,22.362,0.370000000000001,-1,1,1,1,1
534,15,Water,Transition,Transition Water,23.102,0.370000000000001,-1,1,1,1,1
535,15,Water,Transition,Transition Water,23.731,0.369999999999997,-1,1,1,1,1
536,15,Water,Transition,Transition Water,24.314,0.360000000000003,-1,1,1,1,1
537,15,Water,Transition,Transition Water,24.942,0.370000000000001,-1,1,1,1,1
538,15,Water,Transition,Transition Water,25.46,0,-1,1,1,1,1
539,15,Water,Transition,Transition Water,25.904,0.370000000000001,-1,1,1,1,1
540,15,Water,Transition,Transition Water,26.533,0.370000000000001,-1,1,1,1,1
541,15,Water,Transition,Transition Water,27.051,0.369999999999997,-1,1,1,1,1
542,15,Water,Transition,Transition Water,27.606,0.370000000000001,-1,1,1,1,1
543,15,Water,Transition,Transition Water,28.04,0,-1,1,1,1,1
544,15,Water,Transition,Transition Water,28.447,0.370000000000001,-1,1,1,1,1
545,15,Water,Transition,Transition Water,29.113,0,-1,1,1,1,1
546,15,Water,Transition,Transition Water,29.557,0.370000000000001,-1,1,1,1,1
547,15,Water,Transition,Transition Water,30.26,0.739999999999998,-1,1,1,1,1
548,15,Water,Transition,Transition Water,30.926,0.370000000000001,-1,1,1,1,1
549,15,Water,Transition,Transition Water,31.586,0.359999999999999,-1,1,1,1,1
550,15,Water,Transition,Transition Water,32.359,0.369999999999997,-1,1,1,1,1
551,15,Water,Transition,Transition Water,33.025,0.369999999999997,-1,1,1,1,1
552,15,Water,Transition,Transition Water,33.839,0.740000000000002,-1,1,1,1,1
553,15,Water,Transition,Transition Water,34.727,0.740000000000002,-1,1,1,1,1
554,15,Water,Transition,Transition Water,35.568,0.369999999999997,-1,1,1,1,1
555,15,Water,Transition,Transition Water,36.382,0.370000000000005,-1,1,1,1,1
556,15,Water,Transition,Transition Water,37.085,0.370000000000005,-1,1,1,1,1
557,15,Water,Transition,Transition Water,37.936,0.740000000000002,-1,1,1,1,1
558,15,Water,Transition,Transition Water,38.784,0.729999999999997,-1,1,1,1,1
559,15,Water,Transition,Transition Water,39.591,0.370000000000005,-1,1,1,1,1
560,15,Water,Transition,Transition Water,40.368,0.370000000000005,1,1,1,1,1
561,15,Water,Transition,Transition Water,41.182,0.369999999999997,1,1,1,1,1
562,15,Water,Transition,Transition Water,41.922,0.369999999999997,1,1,1,1,1
563,15,Water,Transition,Transition Water,42.476,0.359999999999999,1,1,1,1,1
564,15,Water,Transition,Transition Water,43.022,0.370000000000005,1,1,1,1,1
565,15,Water,Transition,Transition Water,43.651,0.369999999999997,1,1,1,1,1
566,15,Water,Transition,Transition Water,44.354,0.369999999999997,1,1,1,1,1
567,15,Water,Transition,Transition Water,44.872,0.370000000000005,1,1,1,1,1
568,15,Water,Transition,Transition Water,45.427,0.369999999999997,1,1,1,1,1
569,15,Water,Transition,Transition Water,45.945,0.370000000000005,1,1,1,1,1
570,16,Oil,Transition,Transition Oil,14.209,-8.49,-1,-1,-1,-1,-1
571,16,Oil,Transition,Transition Oil,10.367,-0.369999999999999,-1,-1,-1,-1,-1
572,16,Oil,Transition,Transition Oil,9.96,0,-1,-1,1,-1,-1
573,16,Oil,Transition,Transition Oil,9.96,0,-1,-1,1,-1,-1
574,16,Oil,Transition,Transition Oil,9.96,0,-1,-1,1,-1,-1
575,16,Oil,Transition,Transition Oil,10.33,0,-1,-1,1,-1,-1
576,16,Oil,Transition,Transition Oil,10.626,0.369999999999999,-1,-1,1,-1,-1
577,16,Oil,Transition,Transition Oil,11.07,0,-1,-1,1,-1,-1
578,16,Oil,Transition,Transition Oil,11.44,0,-1,-1,1,-1,-1
579,16,Oil,Transition,Transition Oil,11.44,0,-1,-1,1,-1,-1
580,16,Oil,Transition,Transition Oil,11.44,0,-1,-1,1,-1,-1
581,16,Oil,Transition,Transition Oil,11.44,0,-1,-1,1,-1,-1
582,16,Oil,Transition,Transition Oil,11.07,0,-1,-1,1,-1,-1
583,16,Oil,Transition,Transition Oil,10.7,0,-1,-1,1,-1,-1
584,16,Oil,Transition,Transition Oil,10.478,-0.369999999999999,-1,-1,-1,-1,-1
585,16,Oil,Transition,Transition Oil,10.33,0,-1,-1,1,-1,-1
586,16,Oil,Transition,Transition Oil,10.33,0,-1,-1,1,-1,-1
587,16,Oil,Transition,Transition Oil,10.182,-0.369999999999999,-1,-1,-1,-1,-1
588,16,Oil,Transition,Transition Oil,9.96,0,-1,-1,1,-1,-1
589,16,Oil,Transition,Transition Oil,9.96,0,-1,-1,1,-1,-1
590,16,Oil,Transition,Transition Oil,9.59,0,-1,-1,1,-1,-1
591,16,Oil,Transition,Transition Oil,9.59,0,-1,-1,1,-1,-1
592,16,Oil,Transition,Transition Oil,9.23,0,-1,-1,1,-1,-1
593,16,Oil,Transition,Transition Oil,9.23,0,-1,-1,1,-1,-1
594,16,Oil,Transition,Transition Oil,9.23,0,-1,-1,1,-1,-1
595,16,Oil,Transition,Transition Oil,9.302,-0.359999999999999,-1,-1,-1,-1,-1
596,16,Oil,Transition,Transition Oil,9.482,0,-1,-1,1,-1,-1
597,16,Oil,Transition,Transition Oil,9.338,0,-1,-1,1,-1,-1
598,16,Oil,Transition,Transition Oil,9.23,0,-1,-1,1,-1,-1
599,16,Oil,Transition,Transition Oil,9.23,0,-1,-1,1,-1,-1
600,16,Oil,Transition,Transition Oil,9.23,0,-1,-1,1,-1,-1
601,16,Oil,Transition,Transition Oil,9.23,0,-1,-1,1,-1,-1
602,16,Oil,Transition,Transition Oil,9.156,0,-1,-1,1,-1,-1
603,16,Oil,Transition,Transition Oil,9.008,-0.370000000000001,-1,-1,-1,-1,-1
604,16,Oil,Transition,Transition Oil,8.897,0,-1,-1,1,-1,-1
605,16,Oil,Transition,Transition Oil,8.86,0,-1,-1,1,-1,-1
606,16,Oil,Transition,Transition Oil,8.86,0,-1,-1,1,-1,-1
607,16,Oil,Transition,Transition Oil,8.897,-0.370000000000001,-1,-1,-1,-1,-1
608,16,Oil,Transition,Transition Oil,8.897,-0.370000000000001,-1,-1,-1,-1,-1
609,16,Oil,Transition,Transition Oil,8.897,0,-1,-1,1,-1,-1
610,16,Oil,Transition,Transition Oil,8.86,0,-1,-1,1,-1,-1
611,16,Oil,Transition,Transition Oil,9.119,0.370000000000001,-1,-1,1,-1,-1
612,16,Oil,Transition,Transition Oil,9.23,0,-1,-1,1,-1,-1
613,16,Oil,Transition,Transition Oil,9.23,0,-1,-1,1,-1,-1
614,16,Oil,Transition,Transition Oil,9.518,0.359999999999999,-1,-1,1,-1,1
615,16,Oil,Transition,Transition Oil,9.59,0,-1,-1,1,-1,-1
616,16,Oil,Transition,Transition Oil,9.59,0,-1,-1,1,-1,-1
617,16,Oil,Transition,Transition Oil,9.41,-0.359999999999999,-1,-1,-1,-1,-1
618,17,Water,Transition,Transition Water,10.515,1.11,-1,-1,1,1,1
619,17,Water,Transition,Transition Water,12.143,1.11,-1,-1,1,1,1
620,17,Water,Transition,Transition Water,13.872,1.11,-1,-1,1,1,1
621,17,Water,Transition,Transition Water,15.352,0.369999999999999,-1,-1,1,1,1
622,17,Water,Transition,Transition Water,16.425,0.370000000000001,-1,-1,1,1,1
623,17,Water,Transition,Transition Water,17.599,0.739999999999998,-1,-1,1,1,1
624,17,Water,Transition,Transition Water,18.709,0.740000000000002,-1,-1,1,1,1
625,17,Water,Transition,Transition Water,19.745,0.370000000000001,-1,1,1,1,1
626,17,Water,Transition,Transition Water,20.589,0.73,-1,1,1,1,1
627,17,Water,Transition,Transition Water,21.4,0.370000000000001,-1,1,1,1,1
628,17,Water,Transition,Transition Water,22.066,0.370000000000001,-1,1,1,1,1
629,17,Water,Transition,Transition Water,22.954,0.370000000000001,-1,1,1,1,1
630,17,Water,Transition,Transition Water,23.62,0,-1,1,1,1,1
631,17,Water,Transition,Transition Water,24.206,0.360000000000003,-1,1,1,1,1
632,17,Water,Transition,Transition Water,24.72,0,-1,1,1,1,1
633,17,Water,Transition,Transition Water,25.09,0,-1,1,1,1,1
634,17,Water,Transition,Transition Water,25.534,0.369999999999997,-1,1,1,1,1
635,17,Water,Transition,Transition Water,26.052,0.370000000000001,-1,1,1,1,1
636,17,Water,Transition,Transition Water,26.607,0,-1,1,1,1,1
637,17,Water,Transition,Transition Water,27.051,0.369999999999997,-1,1,1,1,1
638,17,Water,Transition,Transition Water,27.605,0.73,-1,1,1,1,1
639,17,Water,Transition,Transition Water,28.299,0.370000000000001,-1,1,1,1,1
640,17,Water,Transition,Transition Water,29.076,0.739999999999998,-1,1,1,1,1
641,17,Water,Transition,Transition Water,30.001,0.370000000000001,-1,1,1,1,1
642,17,Water,Transition,Transition Water,30.852,0.370000000000001,-1,1,1,1,1
643,17,Water,Transition,Transition Water,31.66,0.73,-1,1,1,1,1
644,17,Water,Transition,Transition Water,32.47,0.740000000000002,-1,1,1,1,1
645,17,Water,Transition,Transition Water,33.395,0.369999999999997,-1,1,1,1,1
646,17,Water,Transition,Transition Water,34.172,0.369999999999997,-1,1,1,1,1
647,17,Water,Transition,Transition Water,34.912,0.370000000000005,-1,1,1,1,1
648,17,Water,Transition,Transition Water,35.568,0.369999999999997,-1,1,1,1,1
649,17,Water,Transition,Transition Water,36.271,0.370000000000005,-1,1,1,1,1
650,17,Water,Transition,Transition Water,36.9,0,-1,1,1,1,1
651,17,Water,Transition,Transition Water,37.492,0.369999999999997,-1,1,1,1,1
652,17,Water,Transition,Transition Water,38.084,0.370000000000005,-1,1,1,1,1
653,17,Water,Transition,Transition Water,38.713,0.369999999999997,-1,1,1,1,1
654,17,Water,Transition,Transition Water,39.332,0.369999999999997,-1,1,1,1,1
655,17,Water,Transition,Transition Water,39.887,0.369999999999997,-1,1,1,1,1
656,17,Water,Transition,Transition Water,40.442,0.370000000000005,1,1,1,1,1
657,17,Water,Transition,Transition Water,40.997,0.369999999999997,1,1,1,1,1
658,17,Water,Transition,Transition Water,41.552,0.370000000000005,1,1,1,1,1
659,17,Water,Transition,Transition Water,42.107,0.369999999999997,1,1,1,1,1
660,17,Water,Transition,Transition Water,42.44,0,1,1,1,1,1
661,17,Water,Transition,Transition Water,42.911,0.370000000000005,1,1,1,1,1
662,17,Water,Transition,Transition Water,43.244,0.369999999999997,1,1,1,1,1
663,17,Water,Transition,Transition Water,43.725,0.369999999999997,1,1,1,1,1
664,17,Water,Transition,Transition Water,44.095,0.370000000000005,1,1,1,1,1
665,18,Oil,Transition,Transition Oil,12.436,-3.69,-1,-1,-1,-1,-1
666,18,Oil,Transition,Transition Oil,10.589,-0.369999999999999,-1,-1,-1,-1,-1
667,18,Oil,Transition,Transition Oil,10.33,0,-1,-1,1,-1,-1
668,18,Oil,Transition,Transition Oil,10.33,0,-1,-1,1,-1,-1
669,18,Oil,Transition,Transition Oil,10.33,0,-1,-1,1,-1,-1
670,18,Oil,Transition,Transition Oil,10.33,0,-1,-1,1,-1,-1
671,18,Oil,Transition,Transition Oil,10.478,0.369999999999999,-1,-1,1,-1,-1
672,18,Oil,Transition,Transition Oil,10.515,-0.369999999999999,-1,-1,-1,-1,-1
673,18,Oil,Transition,Transition Oil,10.33,0,-1,-1,1,-1,-1
674,18,Oil,Transition,Transition Oil,10.33,0,-1,-1,1,-1,-1
675,18,Oil,Transition,Transition Oil,10.515,-0.369999999999999,-1,-1,-1,-1,-1
676,18,Oil,Transition,Transition Oil,10.626,0.369999999999999,-1,-1,1,-1,-1
677,18,Oil,Transition,Transition Oil,10.626,0,-1,-1,1,-1,-1
678,18,Oil,Transition,Transition Oil,10.33,0,-1,-1,1,-1,-1
679,18,Oil,Transition,Transition Oil,10.33,0,-1,-1,1,-1,-1
680,18,Oil,Transition,Transition Oil,10.33,0,-1,-1,1,-1,-1
681,18,Oil,Transition,Transition Oil,10.33,0,-1,-1,1,-1,-1
682,18,Oil,Transition,Transition Oil,10.33,0,-1,-1,1,-1,-1
683,18,Oil,Transition,Transition Oil,10.33,0,-1,-1,1,-1,-1
684,18,Oil,Transition,Transition Oil,10.404,0.369999999999999,-1,-1,1,-1,-1
685,18,Oil,Transition,Transition Oil,10.7,0,-1,-1,1,-1,-1
686,18,Oil,Transition,Transition Oil,10.7,0,-1,-1,1,-1,-1
687,18,Oil,Transition,Transition Oil,10.7,0,-1,-1,1,-1,-1
688,18,Oil,Transition,Transition Oil,10.663,0,-1,-1,1,-1,-1
689,18,Oil,Transition,Transition Oil,10.589,0.369999999999999,-1,-1,1,-1,-1
690,18,Oil,Transition,Transition Oil,10.7,0,-1,-1,1,-1,-1
691,18,Oil,Transition,Transition Oil,10.552,-0.369999999999999,-1,-1,-1,-1,-1
692,18,Oil,Transition,Transition Oil,10.33,0,-1,-1,1,-1,-1
693,18,Oil,Transition,Transition Oil,10.33,0,-1,-1,1,-1,-1
694,18,Oil,Transition,Transition Oil,10.182,-0.369999999999999,-1,-1,-1,-1,-1
695,18,Oil,Transition,Transition Oil,10.293,0,-1,-1,1,-1,-1
696,18,Oil,Transition,Transition Oil,10.33,0,-1,-1,1,-1,-1
697,18,Oil,Transition,Transition Oil,10.33,0,-1,-1,1,-1,-1
698,18,Oil,Transition,Transition Oil,10.33,0,-1,-1,1,-1,-1
699,18,Oil,Transition,Transition Oil,10.33,0,-1,-1,1,-1,-1
700,18,Oil,Transition,Transition Oil,10.367,0,-1,-1,1,-1,-1
701,18,Oil,Transition,Transition Oil,10.552,0,-1,-1,1,-1,-1
702,18,Oil,Transition,Transition Oil,10.552,-0.369999999999999,-1,-1,-1,-1,-1
703,18,Oil,Transition,Transition Oil,10.663,0,-1,-1,1,-1,-1
704,18,Oil,Transition,Transition Oil,10.626,0,-1,-1,1,-1,-1
705,18,Oil,Transition,Transition Oil,10.515,0,-1,-1,1,-1,-1
706,18,Oil,Transition,Transition Oil,10.7,0,-1,-1,1,-1,-1
707,18,Oil,Transition,Transition Oil,10.7,0,-1,-1,1,-1,-1
708,18,Oil,Transition,Transition Oil,10.441,0,-1,-1,1,-1,-1
709,18,Oil,Transition,Transition Oil,10.367,-0.369999999999999,-1,-1,-1,-1,-1
710,18,Oil,Transition,Transition Oil,10.33,0,-1,-1,1,-1,-1
711,19,Water,Transition,Transition Water,10.33,1.11,-1,-1,1,1,1
712,19,Water,Transition,Transition Water,12.106,0.74,-1,-1,1,1,1
713,19,Water,Transition,Transition Water,13.613,0.74,-1,-1,1,1,1
714,19,Water,Transition,Transition Water,15.056,0.74,-1,-1,1,1,1
715,19,Water,Transition,Transition Water,16.534,0.73,-1,-1,1,1,1
716,19,Water,Transition,Transition Water,17.747,0.739999999999998,-1,-1,1,1,1
717,19,Water,Transition,Transition Water,18.746,0.740000000000002,-1,-1,1,1,1
718,19,Water,Transition,Transition Water,19.671,0.370000000000001,-1,-1,1,1,1
719,19,Water,Transition,Transition Water,20.516,0.359999999999999,-1,1,1,1,1
720,19,Water,Transition,Transition Water,21.252,0.369999999999997,-1,1,1,1,1
721,19,Water,Transition,Transition Water,21.881,0.370000000000001,-1,1,1,1,1
722,19,Water,Transition,Transition Water,22.436,0.370000000000001,-1,1,1,1,1
723,19,Water,Transition,Transition Water,23.102,0.370000000000001,-1,1,1,1,1
724,19,Water,Transition,Transition Water,23.694,0.369999999999997,-1,1,1,1,1
725,19,Water,Transition,Transition Water,24.387,0.369999999999997,-1,1,1,1,1
726,19,Water,Transition,Transition Water,24.942,0.370000000000001,-1,1,1,1,1
727,19,Water,Transition,Transition Water,25.571,0.369999999999997,-1,1,1,1,1
728,19,Water,Transition,Transition Water,26.163,0.740000000000002,-1,1,1,1,1
729,19,Water,Transition,Transition Water,26.829,0.739999999999998,-1,1,1,1,1
730,19,Water,Transition,Transition Water,27.532,0.370000000000001,-1,1,1,1,1
731,19,Water,Transition,Transition Water,28.114,0.370000000000001,-1,1,1,1,1
732,19,Water,Transition,Transition Water,28.669,0.739999999999998,-1,1,1,1,1
733,19,Water,Transition,Transition Water,29.409,0.370000000000001,-1,1,1,1,1
734,19,Water,Transition,Transition Water,30.112,0.370000000000001,-1,1,1,1,1
735,19,Water,Transition,Transition Water,30.852,0.370000000000001,-1,1,1,1,1
736,19,Water,Transition,Transition Water,31.55,0.359999999999999,-1,1,1,1,1
737,19,Water,Transition,Transition Water,32.285,0.369999999999997,-1,1,1,1,1
738,19,Water,Transition,Transition Water,32.951,0.369999999999997,-1,1,1,1,1
739,19,Water,Transition,Transition Water,33.543,0.740000000000002,-1,1,1,1,1
740,19,Water,Transition,Transition Water,34.098,0.369999999999997,-1,1,1,1,1
741,19,Water,Transition,Transition Water,34.727,0.370000000000005,-1,1,1,1,1
742,19,Water,Transition,Transition Water,35.276,0.359999999999999,-1,1,1,1,1
743,19,Water,Transition,Transition Water,35.901,0.369999999999997,-1,1,1,1,1
744,19,Water,Transition,Transition Water,36.604,0.369999999999997,-1,1,1,1,1
745,19,Water,Transition,Transition Water,37.159,0.370000000000005,-1,1,1,1,1
746,19,Water,Transition,Transition Water,37.862,0.369999999999997,-1,1,1,1,1
747,19,Water,Transition,Transition Water,38.38,0,-1,1,1,1,1
748,19,Water,Transition,Transition Water,38.966,0.359999999999999,-1,1,1,1,1
749,19,Water,Transition,Transition Water,39.554,0.370000000000005,-1,1,1,1,1
750,19,Water,Transition,Transition Water,40.109,0.369999999999997,1,1,1,1,1
751,19,Water,Transition,Transition Water,40.664,0.369999999999997,1,1,1,1,1
752,19,Water,Transition,Transition Water,41.293,0,1,1,1,1,1
753,19,Water,Transition,Transition Water,41.774,0.369999999999997,1,1,1,1,1
754,19,Water,Transition,Transition Water,42.512,0.359999999999999,1,1,1,1,1
755,19,Water,Transition,Transition Water,42.948,0.370000000000005,1,1,1,1,1
756,19,Water,Transition,Transition Water,43.392,0,1,1,1,1,1
757,20,Oil,Stable,Stable Oil,11.698,-2.95,-1,-1,-1,-1,-1
758,20,Oil,Stable,Stable Oil,10.293,0,-1,-1,1,-1,-1
759,20,Oil,Stable,Stable Oil,10.034,-0.369999999999999,-1,-1,-1,-1,-1
760,20,Oil,Stable,Stable Oil,10.219,0.369999999999999,-1,-1,1,-1,-1
761,20,Oil,Stable,Stable Oil,10.33,0,-1,-1,1,-1,-1
762,20,Oil,Stable,Stable Oil,10.7,0,-1,-1,1,-1,-1
763,20,Oil,Stable,Stable Oil,11.033,0,-1,-1,1,-1,-1
764,20,Oil,Stable,Stable Oil,11.07,0,-1,-1,1,-1,-1
765,20,Oil,Stable,Stable Oil,11.403,0,-1,-1,1,-1,-1
766,20,Oil,Stable,Stable Oil,11.44,0,-1,-1,1,-1,-1
767,20,Oil,Stable,Stable Oil,11.44,0,-1,-1,1,-1,-1
768,20,Oil,Stable,Stable Oil,11.181,0,-1,-1,1,-1,-1
769,20,Oil,Stable,Stable Oil,7.66,0,-1,-1,1,-1,-1
770,20,Oil,Stable,Stable Oil,7.703,0.43,-1,-1,1,-1,1
771,20,Oil,Stable,Stable Oil,7.66,0,-1,-1,1,-1,-1
772,20,Oil,Stable,Stable Oil,7.66,0,-1,-1,1,-1,-1
773,20,Oil,Stable,Stable Oil,7.66,0,-1,-1,1,-1,-1
774,20,Oil,Stable,Stable Oil,7.66,0,-1,-1,1,-1,-1
775,20,Oil,Stable,Stable Oil,7.66,0,-1,-1,1,-1,-1
776,20,Oil,Stable,Stable Oil,7.66,0,-1,-1,1,-1,-1
777,20,Oil,Stable,Stable Oil,7.66,0,-1,-1,1,-1,-1
778,20,Oil,Stable,Stable Oil,7.66,0,-1,-1,1,-1,-1
779,20,Oil,Stable,Stable Oil,7.703,0,-1,-1,1,-1,-1
780,20,Oil,Stable,Stable Oil,7.66,0,-1,-1,1,-1,-1
781,20,Oil,Stable,Stable Oil,7.66,0,-1,-1,1,-1,-1
782,20,Oil,Stable,Stable Oil,7.66,0,-1,-1,1,-1,-1
783,20,Oil,Stable,Stable Oil,7.66,0,-1,-1,1,-1,-1
784,20,Oil,Stable,Stable Oil,7.66,0,-1,-1,1,-1,-1
785,20,Oil,Stable,Stable Oil,7.66,0,-1,-1,1,-1,-1
786,20,Oil,Stable,Stable Oil,7.66,0,-1,-1,1,-1,-1
787,20,Oil,Stable,Stable Oil,7.66,0,-1,-1,1,-1,-1
788,20,Oil,Stable,Stable Oil,7.66,0,-1,-1,1,-1,-1
789,20,Oil,Stable,Stable Oil,7.66,0,-1,-1,1,-1,-1
790,20,Oil,Stable,Stable Oil,7.66,0,-1,-1,1,-1,-1
791,20,Oil,Stable,Stable Oil,7.66,0,-1,-1,1,-1,-1
792,20,Oil,Stable,Stable Oil,7.66,0,-1,-1,1,-1,-1
793,20,Oil,Stable,Stable Oil,7.66,0,-1,-1,1,-1,-1
794,20,Oil,Stable,Stable Oil,7.66,0,-1,-1,1,-1,-1
795,20,Oil,Stable,Stable Oil,7.66,0,-1,-1,1,-1,-1
796,20,Oil,Stable,Stable Oil,7.66,0,-1,-1,1,-1,-1
797,20,Oil,Stable,Stable Oil,7.66,0,-1,-1,1,-1,-1
798,20,Oil,Stable,Stable Oil,7.66,0,-1,-1,1,-1,-1
799,20,Oil,Stable,Stable Oil,7.66,0,-1,-1,1,-1,-1
800,20,Oil,Stable,Stable Oil,7.66,0,-1,-1,1,-1,-1
801,20,Oil,Stable,Stable Oil,7.66,0,-1,-1,1,-1,-1
802,20,Oil,Stable,Stable Oil,7.66,0,-1,-1,1,-1,-1
803,20,Oil,Stable,Stable Oil,7.66,0,-1,-1,1,-1,-1
804,20,Oil,Stable,Stable Oil,7.66,0,-1,-1,1,-1,-1
805,20,Oil,Stable,Stable Oil,7.66,0,-1,-1,1,-1,-1
806,20,Oil,Stable,Stable Oil,7.66,0,-1,-1,1,-1,-1
807,20,Oil,Stable,Stable Oil,7.703,0,-1,-1,1,-1,-1
808,20,Oil,Stable,Stable Oil,7.66,0,-1,-1,1,-1,-1
809,20,Oil,Stable,Stable Oil,7.66,0,-1,-1,1,-1,-1
810,20,Oil,Stable,Stable Oil,7.66,0,-1,-1,1,-1,-1
811,20,Oil,Stable,Stable Oil,7.66,0,-1,-1,1,-1,-1
812,20,Oil,Stable,Stable Oil,7.66,0,-1,-1,1,-1,-1
813,20,Oil,Stable,Stable Oil,7.66,0,-1,-1,1,-1,-1
814,20,Oil,Stable,Stable Oil,7.66,0,-1,-1,1,-1,-1
815,20,Oil,Stable,Stable Oil,7.66,0,-1,-1,1,-1,-1
816,20,Oil,Stable,Stable Oil,7.66,0,-1,-1,1,-1,-1
817,20,Oil,Stable,Stable Oil,7.66,0,-1,-1,1,-1,-1
818,20,Oil,Stable,Stable Oil,7.66,0,-1,-1,1,-1,-1
819,20,Oil,Stable,Stable Oil,7.66,0,-1,-1,1,-1,-1
820,20,Oil,Stable,Stable Oil,7.66,0,-1,-1,1,-1,-1
821,20,Oil,Stable,Stable Oil,7.66,0,-1,-1,1,-1,-1
822,20,Oil,Stable,Stable Oil,7.66,0,-1,-1,1,-1,-1
823,20,Oil,Stable,Stable Oil,7.66,0,-1,-1,1,-1,-1
824,20,Oil,Stable,Stable Oil,7.66,0,-1,-1,1,-1,-1
825,20,Oil,Stable,Stable Oil,7.66,0,-1,-1,1,-1,-1
826,20,Oil,Stable,Stable Oil,7.66,0,-1,-1,1,-1,-1
827,20,Oil,Stable,Stable Oil,7.66,0,-1,-1,1,-1,-1
828,20,Oil,Stable,Stable Oil,7.66,0,-1,-1,1,-1,-1
829,20,Oil,Stable,Stable Oil,7.66,0,-1,-1,1,-1,-1
830,20,Oil,Stable,Stable Oil,7.66,0,-1,-1,1,-1,-1
831,20,Oil,Stable,Stable Oil,7.66,0,-1,-1,1,-1,-1
832,20,Oil,Stable,Stable Oil,7.66,0,-1,-1,1,-1,-1
833,20,Oil,Stable,Stable Oil,7.66,0,-1,-1,1,-1,-1
834,20,Oil,Stable,Stable Oil,7.66,0,-1,-1,1,-1,-1
835,20,Oil,Stable,Stable Oil,7.66,0,-1,-1,1,-1,-1
836,20,Oil,Stable,Stable Oil,7.66,0,-1,-1,1,-1,-1
837,20,Oil,Stable,Stable Oil,7.66,0,-1,-1,1,-1,-1
838,20,Oil,Stable,Stable Oil,7.66,0,-1,-1,1,-1,-1
839,20,Oil,Stable,Stable Oil,7.66,0,-1,-1,1,-1,-1
840,20,Oil,Stable,Stable Oil,7.66,0,-1,-1,1,-1,-1
841,20,Oil,Stable,Stable Oil,7.66,0,-1,-1,1,-1,-1
842,20,Oil,Stable,Stable Oil,7.66,0,-1,-1,1,-1,-1
843,20,Oil,Stable,Stable Oil,7.66,0,-1,-1,1,-1,-1
844,20,Oil,Stable,Stable Oil,7.66,0,-1,-1,1,-1,-1
845,20,Oil,Stable,Stable Oil,7.66,0,-1,-1,1,-1,-1
846,20,Oil,Stable,Stable Oil,7.66,0,-1,-1,1,-1,-1
847,20,Oil,Stable,Stable Oil,7.66,0,-1,-1,1,-1,-1
848,20,Oil,Stable,Stable Oil,7.66,0,-1,-1,1,-1,-1
849,20,Oil,Stable,Stable Oil,7.66,0,-1,-1,1,-1,-1
850,20,Oil,Stable,Stable Oil,7.66,0,-1,-1,1,-1,-1
851,20,Oil,Stable,Stable Oil,7.703,0,-1,-1,1,-1,-1
852,20,Oil,Stable,Stable Oil,7.66,0,-1,-1,1,-1,-1
853,20,Oil,Stable,Stable Oil,7.66,0,-1,-1,1,-1,-1
854,20,Oil,Stable,Stable Oil,7.66,0,-1,-1,1,-1,-1
855,20,Oil,Stable,Stable Oil,7.66,0,-1,-1,1,-1,-1
856,20,Oil,Stable,Stable Oil,7.66,0,-1,-1,1,-1,-1
857,20,Oil,Stable,Stable Oil,7.66,0,-1,-1,1,-1,-1
858,20,Oil,Stable,Stable Oil,7.66,0,-1,-1,1,-1,-1
859,20,Oil,Stable,Stable Oil,7.66,0,-1,-1,1,-1,-1
860,20,Oil,Stable,Stable Oil,7.66,0,-1,-1,1,-1,-1
861,20,Oil,Stable,Stable Oil,7.66,0,-1,-1,1,-1,-1
862,20,Oil,Stable,Stable Oil,7.66,0,-1,-1,1,-1,-1
863,20,Oil,Stable,Stable Oil,7.66,0,-1,-1,1,-1,-1
864,20,Oil,Stable,Stable Oil,7.66,0,-1,-1,1,-1,-1
865,20,Oil,Stable,Stable Oil,7.66,0,-1,-1,1,-1,-1
866,20,Oil,Stable,Stable Oil,7.66,0,-1,-1,1,-1,-1
867,20,Oil,Stable,Stable Oil,7.66,0,-1,-1,1,-1,-1
868,20,Oil,Stable,Stable Oil,7.66,0,-1,-1,1,-1,-1
869,20,Oil,Stable,Stable Oil,7.66,0,-1,-1,1,-1,-1
870,20,Oil,Stable,Stable Oil,7.66,0,-1,-1,1,-1,-1
871,20,Oil,Stable,Stable Oil,7.66,0,-1,-1,1,-1,-1
872,20,Oil,Stable,Stable Oil,7.66,0,-1,-1,1,-1,-1
873,20,Oil,Stable,Stable Oil,7.66,0,-1,-1,1,-1,-1
874,20,Oil,Stable,Stable Oil,7.66,0,-1,-1,1,-1,-1
875,20,Oil,Stable,Stable Oil,7.66,0,-1,-1,1,-1,-1
876,20,Oil,Stable,Stable Oil,7.66,0,-1,-1,1,-1,-1
877,20,Oil,Stable,Stable Oil,7.66,0,-1,-1,1,-1,-1
878,20,Oil,Stable,Stable Oil,7.66,0,-1,-1,1,-1,-1
879,20,Oil,Stable,Stable Oil,1.65,0,-1,-1,1,-1,-1
880,20,Oil,Stable,Stable Oil,1.65,0,-1,-1,1,-1,-1
881,20,Oil,Stable,Stable Oil,1.65,0,-1,-1,1,-1,-1
882,20,Oil,Stable,Stable Oil,1.65,0,-1,-1,1,-1,-1
883,20,Oil,Stable,Stable Oil,1.608,-0.42,-1,-1,-1,-1,-1
884,20,Oil,Stable,Stable Oil,1.65,0,-1,-1,1,-1,-1
885,20,Oil,Stable,Stable Oil,1.65,0,-1,-1,1,-1,-1
886,20,Oil,Stable,Stable Oil,1.65,0,-1,-1,1,-1,-1
887,20,Oil,Stable,Stable Oil,1.566,0,-1,-1,1,-1,-1
888,20,Oil,Stable,Stable Oil,1.65,0,-1,-1,1,-1,-1
889,20,Oil,Stable,Stable Oil,1.65,0,-1,-1,1,-1,-1
890,20,Oil,Stable,Stable Oil,1.608,-0.42,-1,-1,-1,-1,-1
891,20,Oil,Stable,Stable Oil,1.608,0,-1,-1,1,-1,-1
892,20,Oil,Stable,Stable Oil,1.65,0,-1,-1,1,-1,-1
893,20,Oil,Stable,Stable Oil,1.608,0,-1,-1,1,-1,-1
894,20,Oil,Stable,Stable Oil,1.524,0.42,-1,-1,1,-1,1
895,20,Oil,Stable,Stable Oil,1.65,0,-1,-1,1,-1,-1
896,20,Oil,Stable,Stable Oil,1.608,0,-1,-1,1,-1,-1
897,20,Oil,Stable,Stable Oil,1.65,0,-1,-1,1,-1,-1
898,20,Oil,Stable,Stable Oil,1.608,0,-1,-1,1,-1,-1
899,20,Oil,Stable,Stable Oil,1.65,0,-1,-1,1,-1,-1
900,20,Oil,Stable,Stable Oil,1.65,0,-1,-1,1,-1,-1
901,20,Oil,Stable,Stable Oil,1.65,0,-1,-1,1,-1,-1
902,20,Oil,Stable,Stable Oil,1.608,0,-1,-1,1,-1,-1
903,20,Oil,Stable,Stable Oil,1.65,0,-1,-1,1,-1,-1
904,20,Oil,Stable,Stable Oil,1.566,0,-1,-1,1,-1,-1
905,20,Oil,Stable,Stable Oil,1.566,0,-1,-1,1,-1,-1
906,20,Oil,Stable,Stable Oil,1.65,0,-1,-1,1,-1,-1
907,20,Oil,Stable,Stable Oil,1.524,0.42,-1,-1,1,-1,1
908,20,Oil,Stable,Stable Oil,1.65,0,-1,-1,1,-1,-1
909,20,Oil,Stable,Stable Oil,1.608,0,-1,-1,1,-1,-1
910,20,Oil,Stable,Stable Oil,1.608,0,-1,-1,1,-1,-1
911,20,Oil,Stable,Stable Oil,1.608,0,-1,-1,1,-1,-1
912,20,Oil,Stable,Stable Oil,1.65,0,-1,-1,1,-1,-1
913,20,Oil,Stable,Stable Oil,1.65,0,-1,-1,1,-1,-1
914,20,Oil,Stable,Stable Oil,1.608,0,-1,-1,1,-1,-1
915,20,Oil,Stable,Stable Oil,1.65,0,-1,-1,1,-1,-1
916,20,Oil,Stable,Stable Oil,1.65,0,-1,-1,1,-1,-1
917,20,Oil,Stable,Stable Oil,1.65,0,-1,-1,1,-1,-1
918,20,Oil,Stable,Stable Oil,1.65,0,-1,-1,1,-1,-1
919,20,Oil,Stable,Stable Oil,1.65,0,-1,-1,1,-1,-1
920,20,Oil,Stable,Stable Oil,1.65,0,-1,-1,1,-1,-1
921,20,Oil,Stable,Stable Oil,1.608,0,-1,-1,1,-1,-1
922,20,Oil,Stable,Stable Oil,1.65,0,-1,-1,1,-1,-1
923,20,Oil,Stable,Stable Oil,1.65,0,-1,-1,1,-1,-1
924,20,Oil,Stable,Stable Oil,1.65,0,-1,-1,1,-1,-1
925,20,Oil,Stable,Stable Oil,1.65,0,-1,-1,1,-1,-1
926,20,Oil,Stable,Stable Oil,1.524,0,-1,-1,1,-1,-1
927,20,Oil,Stable,Stable Oil,1.65,0,-1,-1,1,-1,-1
928,20,Oil,Stable,Stable Oil,1.608,0,-1,-1,1,-1,-1
929,20,Oil,Stable,Stable Oil,1.65,0,-1,-1,1,-1,-1
930,20,Oil,Stable,Stable Oil,1.524,0.42,-1,-1,1,-1,1
931,20,Oil,Stable,Stable Oil,1.65,0,-1,-1,1,-1,-1
932,20,Oil,Stable,Stable Oil,1.65,0,-1,-1,1,-1,-1
933,20,Oil,Stable,Stable Oil,1.608,0,-1,-1,1,-1,-1
934,20,Oil,Stable,Stable Oil,1.65,0,-1,-1,1,-1,-1
935,20,Oil,Stable,Stable Oil,1.608,0,-1,-1,1,-1,-1
936,20,Oil,Stable,Stable Oil,1.65,0,-1,-1,1,-1,-1
937,20,Oil,Stable,Stable Oil,1.608,0.42,-1,-1,1,-1,1
938,20,Oil,Stable,Stable Oil,1.65,0,-1,-1,1,-1,-1
939,20,Oil,Stable,Stable Oil,1.608,0.42,-1,-1,1,-1,1
940,20,Oil,Stable,Stable Oil,1.608,0,-1,-1,1,-1,-1
941,20,Oil,Stable,Stable Oil,1.608,0,-1,-1,1,-1,-1
942,20,Oil,Stable,Stable Oil,1.65,0,-1,-1,1,-1,-1
943,20,Oil,Stable,Stable Oil,1.608,-0.42,-1,-1,-1,-1,-1
944,20,Oil,Stable,Stable Oil,1.608,0,-1,-1,1,-1,-1
945,20,Oil,Stable,Stable Oil,1.65,0,-1,-1,1,-1,-1
946,20,Oil,Stable,Stable Oil,1.65,0,-1,-1,1,-1,-1
947,20,Oil,Stable,Stable Oil,1.608,0,-1,-1,1,-1,-1
948,20,Oil,Stable,Stable Oil,1.566,0.42,-1,-1,1,-1,1
949,20,Oil,Stable,Stable Oil,1.65,0,-1,-1,1,-1,-1
950,20,Oil,Stable,Stable Oil,1.65,0,-1,-1,1,-1,-1
951,20,Oil,Stable,Stable Oil,1.65,0,-1,-1,1,-1,-1
952,20,Oil,Stable,Stable Oil,1.65,0,-1,-1,1,-1,-1
953,20,Oil,Stable,Stable Oil,1.608,0,-1,-1,1,-1,-1
954,20,Oil,Stable,Stable Oil,1.524,0.42,-1,-1,1,-1,1
955,20,Oil,Stable,Stable Oil,1.65,0,-1,-1,1,-1,-1
956,20,Oil,Stable,Stable Oil,1.65,0,-1,-1,1,-1,-1
957,20,Oil,Stable,Stable Oil,1.65,0,-1,-1,1,-1,-1
958,20,Oil,Stable,Stable Oil,1.65,0,-1,-1,1,-1,-1
959,20,Oil,Stable,Stable Oil,1.65,0,-1,-1,1,-1,-1
960,20,Oil,Stable,Stable Oil,1.566,0,-1,-1,1,-1,-1
961,20,Oil,Stable,Stable Oil,1.608,0,-1,-1,1,-1,-1
962,20,Oil,Stable,Stable Oil,1.65,0,-1,-1,1,-1,-1
963,20,Oil,Stable,Stable Oil,1.566,0.42,-1,-1,1,-1,1
964,20,Oil,Stable,Stable Oil,1.65,0,-1,-1,1,-1,-1
965,20,Oil,Stable,Stable Oil,1.608,0,-1,-1,1,-1,-1
966,20,Oil,Stable,Stable Oil,1.608,0,-1,-1,1,-1,-1
967,20,Oil,Stable,Stable Oil,1.65,0,-1,-1,1,-1,-1
968,20,Oil,Stable,Stable Oil,1.608,0,-1,-1,1,-1,-1
969,20,Oil,Stable,Stable Oil,1.482,0.42,-1,-1,1,-1,1
970,20,Oil,Stable,Stable Oil,1.566,0,-1,-1,1,-1,-1
971,20,Oil,Stable,Stable Oil,1.608,0,-1,-1,1,-1,-1
972,20,Oil,Stable,Stable Oil,1.608,0,-1,-1,1,-1,-1
973,20,Oil,Stable,Stable Oil,1.566,0,-1,-1,1,-1,-1
974,20,Oil,Stable,Stable Oil,1.65,0,-1,-1,1,-1,-1
975,20,Oil,Stable,Stable Oil,1.608,0,-1,-1,1,-1,-1
976,20,Oil,Stable,Stable Oil,1.608,0,-1,-1,1,-1,-1
977,20,Oil,Stable,Stable Oil,1.608,0,-1,-1,1,-1,-1
978,20,Oil,Stable,Stable Oil,1.65,0,-1,-1,1,-1,-1
979,20,Oil,Stable,Stable Oil,1.65,0,-1,-1,1,-1,-1
980,20,Oil,Stable,Stable Oil,1.65,0,-1,-1,1,-1,-1
981,20,Oil,Stable,Stable Oil,1.65,0,-1,-1,1,-1,-1
982,20,Oil,Stable,Stable Oil,1.65,0,-1,-1,1,-1,-1
983,20,Oil,Stable,Stable Oil,1.65,0,-1,-1,1,-1,-1
984,20,Oil,Stable,Stable Oil,1.65,0,-1,-1,1,-1,-1
985,20,Oil,Stable,Stable Oil,1.65,0,-1,-1,1,-1,-1
986,20,Oil,Stable,Stable Oil,1.608,0,-1,-1,1,-1,-1
987,20,Oil,Stable,Stable Oil,1.608,0,-1,-1,1,-1,-1
988,20,Oil,Stable,Stable Oil,1.65,0,-1,-1,1,-1,-1
989,20,Oil,Stable,Stable Oil,1.65,0,-1,-1,1,-1,-1
990,20,Oil,Stable,Stable Oil,1.482,0,-1,-1,1,-1,-1
991,20,Oil,Stable,Stable Oil,1.608,0,-1,-1,1,-1,-1
992,20,Oil,Stable,Stable Oil,1.65,0,-1,-1,1,-1,-1
993,20,Oil,Stable,Stable Oil,1.65,0,-1,-1,1,-1,-1
994,20,Oil,Stable,Stable Oil,1.566,0,-1,-1,1,-1,-1
995,20,Oil,Stable,Stable Oil,1.65,0,-1,-1,1,-1,-1
996,20,Oil,Stable,Stable Oil,1.65,0,-1,-1,1,-1,-1
997,20,Oil,Stable,Stable Oil,1.566,0,-1,-1,1,-1,-1
998,20,Oil,Stable,Stable Oil,1.65,0,-1,-1,1,-1,-1
999,20,Oil,Stable,Stable Oil,1.608,0.42,-1,-1,1,-1,1
1000,20,Oil,Stable,Stable Oil,1.524,0,-1,-1,1,-1,-1
1001,20,Oil,Stable,Stable Oil,1.608,0.42,-1,-1,1,-1,1
1002,20,Oil,Stable,Stable Oil,1.65,0,-1,-1,1,-1,-1
1003,20,Oil,Stable,Stable Oil,1.608,0,-1,-1,1,-1,-1
1004,20,Oil,Stable,Stable Oil,1.608,0,-1,-1,1,-1,-1
1005,20,Oil,Stable,Stable Oil,1.65,0,-1,-1,1,-1,-1
1006,20,Oil,Stable,Stable Oil,1.65,0,-1,-1,1,-1,-1
1007,20,Oil,Stable,Stable Oil,1.608,0,-1,-1,1,-1,-1
1008,20,Oil,Stable,Stable Oil,1.566,0.42,-1,-1,1,-1,1
1009,20,Oil,Stable,Stable Oil,1.566,0.42,-1,-1,1,-1,1
1010,20,Oil,Stable,Stable Oil,1.608,0,-1,-1,1,-1,-1
1011,20,Oil,Stable,Stable Oil,1.65,0,-1,-1,1,-1,-1
1012,20,Oil,Stable,Stable Oil,1.65,0,-1,-1,1,-1,-1
1013,20,Oil,Stable,Stable Oil,1.566,0,-1,-1,1,-1,-1
1014,20,Oil,Stable,Stable Oil,1.65,0,-1,-1,1,-1,-1
1015,20,Oil,Stable,Stable Oil,1.608,0,-1,-1,1,-1,-1
1016,20,Oil,Stable,Stable Oil,1.65,0,-1,-1,1,-1,-1
1017,20,Oil,Stable,Stable Oil,1.482,0.42,-1,-1,1,-1,1
1018,20,Oil,Stable,Stable Oil,1.608,0,-1,-1,1,-1,-1
1019,20,Oil,Stable,Stable Oil,1.65,0,-1,-1,1,-1,-1
1020,20,Oil,Stable,Stable Oil,1.608,0,-1,-1,1,-1,-1
1021,20,Oil,Stable,Stable Oil,1.566,-0.42,-1,-1,-1,-1,-1
1022,20,Oil,Stable,Stable Oil,1.65,0,-1,-1,1,-1,-1
1023,20,Oil,Stable,Stable Oil,1.65,0,-1,-1,1,-1,-1
1024,20,Oil,Stable,Stable Oil,1.566,0,-1,-1,1,-1,-1
1025,20,Oil,Stable,Stable Oil,1.566,0,-1,-1,1,-1,-1
1026,20,Oil,Stable,Stable Oil,1.566,-0.42,-1,-1,-1,-1,-1
1027,20,Oil,Stable,Stable Oil,1.65,0,-1,-1,1,-1,-1
1028,20,Oil,Stable,Stable Oil,1.482,0,-1,-1,1,-1,-1
1029,20,Oil,Stable,Stable Oil,1.566,0,-1,-1,1,-1,-1
1030,20,Oil,Stable,Stable Oil,1.566,0,-1,-1,1,-1,-1
1031,20,Oil,Stable,Stable Oil,1.566,0,-1,-1,1,-1,-1
1032,20,Oil,Stable,Stable Oil,1.398,0,-1,-1,1,-1,-1
1033,20,Oil,Stable,Stable Oil,1.566,-0.42,-1,-1,-1,-1,-1
1034,20,Oil,Stable,Stable Oil,1.398,-0.42,-1,-1,-1,-1,-1
1035,20,Oil,Stable,Stable Oil,1.482,0.42,-1,-1,1,-1,1
1036,20,Oil,Stable,Stable Oil,1.65,0,-1,-1,1,-1,-1
1037,20,Oil,Stable,Stable Oil,1.608,0,-1,-1,1,-1,-1
1038,20,Oil,Stable,Stable Oil,1.566,0,-1,-1,1,-1,-1
1039,20,Oil,Stable,Stable Oil,1.482,0,-1,-1,1,-1,-1
1040,20,Oil,Stable,Stable Oil,1.524,0,-1,-1,1,-1,-1
1041,20,Oil,Stable,Stable Oil,1.608,0.42,-1,-1,1,-1,1
1042,20,Oil,Stable,Stable Oil,1.65,0,-1,-1,1,-1,-1
1043,20,Oil,Stable,Stable Oil,1.65,0,-1,-1,1,-1,-1
1044,20,Oil,Stable,Stable Oil,1.608,0,-1,-1,1,-1,-1
1045,20,Oil,Stable,Stable Oil,1.608,0,-1,-1,1,-1,-1
1046,20,Oil,Stable,Stable Oil,1.608,0.42,-1,-1,1,-1,1
1047,20,Oil,Stable,Stable Oil,1.65,0,-1,-1,1,-1,-1
1048,20,Oil,Stable,Stable Oil,1.608,0,-1,-1,1,-1,-1
1049,20,Oil,Stable,Stable Oil,1.608,0,-1,-1,1,-1,-1
1050,20,Oil,Stable,Stable Oil,1.65,0,-1,-1,1,-1,-1
1051,20,Oil,Stable,Stable Oil,1.65,0,-1,-1,1,-1,-1
1052,20,Oil,Stable,Stable Oil,1.65,0,-1,-1,1,-1,-1
1053,20,Oil,Stable,Stable Oil,1.566,0,-1,-1,1,-1,-1
1054,20,Oil,Stable,Stable Oil,1.608,0,-1,-1,1,-1,-1
1055,20,Oil,Stable,Stable Oil,1.608,0,-1,-1,1,-1,-1
1056,20,Oil,Stable,Stable Oil,1.608,0,-1,-1,1,-1,-1
1057,20,Oil,Stable,Stable Oil,1.65,0,-1,-1,1,-1,-1
1058,20,Oil,Stable,Stable Oil,1.65,0,-1,-1,1,-1,-1
1059,20,Oil,Stable,Stable Oil,1.65,0,-1,-1,1,-1,-1
1060,20,Oil,Stable,Stable Oil,1.608,0,-1,-1,1,-1,-1
1061,20,Oil,Stable,Stable Oil,1.65,0,-1,-1,1,-1,-1
1062,20,Oil,Stable,Stable Oil,1.608,0,-1,-1,1,-1,-1
1063,20,Oil,Stable,Stable Oil,1.608,0.42,-1,-1,1,-1,1
1064,20,Oil,Stable,Stable Oil,1.65,0,-1,-1,1,-1,-1
1065,20,Oil,Stable,Stable Oil,1.65,0,-1,-1,1,-1,-1
1066,20,Oil,Stable,Stable Oil,1.608,0,-1,-1,1,-1,-1
1067,20,Oil,Stable,Stable Oil,1.608,0,-1,-1,1,-1,-1
1068,20,Oil,Stable,Stable Oil,1.65,0,-1,-1,1,-1,-1
1069,20,Oil,Stable,Stable Oil,1.65,0,-1,-1,1,-1,-1
1070,20,Oil,Stable,Stable Oil,1.65,0,-1,-1,1,-1,-1
1071,20,Oil,Stable,Stable Oil,1.65,0,-1,-1,1,-1,-1
1072,20,Oil,Stable,Stable Oil,1.65,0,-1,-1,1,-1,-1
1073,20,Oil,Stable,Stable Oil,1.65,0,-1,-1,1,-1,-1
1074,20,Oil,Stable,Stable Oil,1.65,0,-1,-1,1,-1,-1
1075,20,Oil,Stable,Stable Oil,1.65,0,-1,-1,1,-1,-1
1076,20,Oil,Stable,Stable Oil,1.65,0,-1,-1,1,-1,-1
1077,20,Oil,Stable,Stable Oil,1.608,0,-1,-1,1,-1,-1
1078,20,Oil,Stable,Stable Oil,1.65,0,-1,-1,1,-1,-1
1079,20,Oil,Stable,Stable Oil,1.902,0,-1,-1,1,-1,-1
1080,20,Oil,Stable,Stable Oil,1.86,0,-1,-1,1,-1,-1
1081,20,Oil,Stable,Stable Oil,2.07,0,-1,-1,1,-1,-1
1082,20,Oil,Stable,Stable Oil,2.07,0,-1,-1,1,-1,-1
1083,20,Oil,Stable,Stable Oil,1.86,0.42,-1,-1,1,-1,1
1084,20,Oil,Stable,Stable Oil,1.902,0,-1,-1,1,-1,-1
1085,20,Oil,Stable,Stable Oil,1.86,0,-1,-1,1,-1,-1
1086,20,Oil,Stable,Stable Oil,1.986,0,-1,-1,1,-1,-1
1087,20,Oil,Stable,Stable Oil,1.902,0,-1,-1,1,-1,-1
1088,20,Oil,Stable,Stable Oil,1.902,-0.42,-1,-1,-1,-1,-1
1089,20,Oil,Stable,Stable Oil,1.86,-0.42,-1,-1,-1,-1,-1
1090,20,Oil,Stable,Stable Oil,1.986,0,-1,-1,1,-1,-1
1091,20,Oil,Stable,Stable Oil,1.86,-0.42,-1,-1,-1,-1,-1
1092,20,Oil,Stable,Stable Oil,1.734,0,-1,-1,1,-1,-1
1093,20,Oil,Stable,Stable Oil,1.86,0,-1,-1,1,-1,-1
1094,20,Oil,Stable,Stable Oil,1.944,-0.42,-1,-1,-1,-1,-1
1095,20,Oil,Stable,Stable Oil,1.902,0,-1,-1,1,-1,-1
1096,20,Oil,Stable,Stable Oil,1.776,0.42,-1,-1,1,-1,1
1097,20,Oil,Stable,Stable Oil,2.028,0.42,-1,-1,1,-1,1
1098,20,Oil,Stable,Stable Oil,1.902,-0.42,-1,-1,-1,-1,-1
1099,20,Oil,Stable,Stable Oil,1.902,0,-1,-1,1,-1,-1
1100,20,Oil,Stable,Stable Oil,1.902,-0.42,-1,-1,-1,-1,-1
1101,20,Oil,Stable,Stable Oil,2.028,0,-1,-1,1,-1,-1
1102,20,Oil,Stable,Stable Oil,2.028,0,-1,-1,1,-1,-1
1103,20,Oil,Stable,Stable Oil,1.944,0,-1,-1,1,-1,-1
1104,20,Oil,Stable,Stable Oil,1.776,0.42,-1,-1,1,-1,1
1105,20,Oil,Stable,Stable Oil,1.86,0,-1,-1,1,-1,-1
1106,20,Oil,Stable,Stable Oil,2.07,0,-1,-1,1,-1,-1
1107,20,Oil,Stable,Stable Oil,1.986,-0.42,-1,-1,-1,-1,-1
1108,20,Oil,Stable,Stable Oil,1.986,0,-1,-1,1,-1,-1
1109,20,Oil,Stable,Stable Oil,1.986,0,-1,-1,1,-1,-1
1110,20,Oil,Stable,Stable Oil,1.902,0,-1,-1,1,-1,-1
1111,20,Oil,Stable,Stable Oil,1.902,0.42,-1,-1,1,-1,1
1112,20,Oil,Stable,Stable Oil,1.818,0.42,-1,-1,1,-1,1
1113,20,Oil,Stable,Stable Oil,1.944,0,-1,-1,1,-1,-1
1114,20,Oil,Stable,Stable Oil,1.86,-0.42,-1,-1,-1,-1,-1
1115,20,Oil,Stable,Stable Oil,1.986,-0.42,-1,-1,-1,-1,-1
1116,20,Oil,Stable,Stable Oil,1.776,-0.42,-1,-1,-1,-1,-1
1117,20,Oil,Stable,Stable Oil,1.734,-0.42,-1,-1,-1,-1,-1
1118,20,Oil,Stable,Stable Oil,1.86,-0.42,-1,-1,-1,-1,-1
1119,20,Oil,Stable,Stable Oil,1.902,0,-1,-1,1,-1,-1
1120,20,Oil,Stable,Stable Oil,1.818,-0.42,-1,-1,-1,-1,-1
1121,20,Oil,Stable,Stable Oil,1.986,0,-1,-1,1,-1,-1
1122,20,Oil,Stable,Stable Oil,1.86,0.42,-1,-1,1,-1,1
1123,20,Oil,Stable,Stable Oil,1.986,0,-1,-1,1,-1,-1
1124,20,Oil,Stable,Stable Oil,1.944,0,-1,-1,1,-1,-1
1125,20,Oil,Stable,Stable Oil,1.818,0,-1,-1,1,-1,-1
1126,20,Oil,Stable,Stable Oil,1.86,-0.42,-1,-1,-1,-1,-1
1127,20,Oil,Stable,Stable Oil,1.902,0,-1,-1,1,-1,-1
1128,20,Oil,Stable,Stable Oil,1.902,0,-1,-1,1,-1,-1
1129,20,Oil,Stable,Stable Oil,1.734,0,-1,-1,1,-1,-1
1130,20,Oil,Stable,Stable Oil,1.86,-0.42,-1,-1,-1,-1,-1
1131,20,Oil,Stable,Stable Oil,1.776,0,-1,-1,1,-1,-1
1132,20,Oil,Stable,Stable Oil,1.902,0,-1,-1,1,-1,-1
1133,20,Oil,Stable,Stable Oil,1.86,-0.42,-1,-1,-1,-1,-1
1134,20,Oil,Stable,Stable Oil,1.986,0,-1,-1,1,-1,-1
1135,20,Oil,Stable,Stable Oil,1.902,0,-1,-1,1,-1,-1
1136,20,Oil,Stable,Stable Oil,1.944,0.42,-1,-1,1,-1,1
1137,20,Oil,Stable,Stable Oil,1.902,0,-1,-1,1,-1,-1
1138,20,Oil,Stable,Stable Oil,1.86,-0.42,-1,-1,-1,-1,-1
1139,20,Oil,Stable,Stable Oil,1.86,-0.42,-1,-1,-1,-1,-1
1140,20,Oil,Stable,Stable Oil,1.734,-0.42,-1,-1,-1,-1,-1
1141,20,Oil,Stable,Stable Oil,1.86,0.42,-1,-1,1,-1,1
1142,20,Oil,Stable,Stable Oil,1.818,-0.42,-1,-1,-1,-1,-1
1143,20,Oil,Stable,Stable Oil,1.902,0.42,-1,-1,1,-1,1
1144,20,Oil,Stable,Stable Oil,1.944,-0.42,-1,-1,-1,-1,-1
1145,20,Oil,Stable,Stable Oil,1.902,0,-1,-1,1,-1,-1
1146,20,Oil,Stable,Stable Oil,1.776,-0.42,-1,-1,-1,-1,-1
1147,20,Oil,Stable,Stable Oil,1.902,0,-1,-1,1,-1,-1
1148,20,Oil,Stable,Stable Oil,1.86,0,-1,-1,1,-1,-1
1149,20,Oil,Stable,Stable Oil,1.944,0.42,-1,-1,1,-1,1
1150,20,Oil,Stable,Stable Oil,1.986,-0.42,-1,-1,-1,-1,-1
1151,20,Oil,Stable,Stable Oil,1.86,0.42,-1,-1,1,-1,1
1152,20,Oil,Stable,Stable Oil,1.86,-0.42,-1,-1,-1,-1,-1
1153,20,Oil,Stable,Stable Oil,1.986,0,-1,-1,1,-1,-1
1154,20,Oil,Stable,Stable Oil,1.86,0,-1,-1,1,-1,-1
1155,20,Oil,Stable,Stable Oil,1.86,-0.42,-1,-1,-1,-1,-1
1156,20,Oil,Stable,Stable Oil,1.818,0,-1,-1,1,-1,-1
1157,20,Oil,Stable,Stable Oil,1.818,0,-1,-1,1,-1,-1
1158,20,Oil,Stable,Stable Oil,1.86,0.42,-1,-1,1,-1,1
1159,20,Oil,Stable,Stable Oil,1.944,-0.42,-1,-1,-1,-1,-1
1160,20,Oil,Stable,Stable Oil,1.86,0.42,-1,-1,1,-1,1
1161,20,Oil,Stable,Stable Oil,1.902,0,-1,-1,1,-1,-1
1162,20,Oil,Stable,Stable Oil,2.07,0,-1,-1,1,-1,-1
1163,20,Oil,Stable,Stable Oil,1.944,-0.42,-1,-1,-1,-1,-1
1164,20,Oil,Stable,Stable Oil,1.818,-0.42,-1,-1,-1,-1,-1
1165,20,Oil,Stable,Stable Oil,1.986,-0.42,-1,-1,-1,-1,-1
1166,20,Oil,Stable,Stable Oil,1.986,-0.42,-1,-1,-1,-1,-1
1167,20,Oil,Stable,Stable Oil,1.944,0,-1,-1,1,-1,-1
1168,20,Oil,Stable,Stable Oil,2.028,-0.42,-1,-1,-1,-1,-1
1169,20,Oil,Stable,Stable Oil,1.902,-0.42,-1,-1,-1,-1,-1
1170,20,Oil,Stable,Stable Oil,1.692,0,-1,-1,1,-1,-1
1171,20,Oil,Stable,Stable Oil,1.986,0,-1,-1,1,-1,-1
1172,20,Oil,Stable,Stable Oil,1.944,0.42,-1,-1,1,-1,1
1173,20,Oil,Stable,Stable Oil,1.986,0,-1,-1,1,-1,-1
1174,20,Oil,Stable,Stable Oil,1.86,0.42,-1,-1,1,-1,1
1175,20,Oil,Stable,Stable Oil,1.902,-0.42,-1,-1,-1,-1,-1
1176,20,Oil,Stable,Stable Oil,1.944,-0.42,-1,-1,-1,-1,-1
1177,20,Oil,Stable,Stable Oil,1.86,0.42,-1,-1,1,-1,1
1178,20,Oil,Stable,Stable Oil,1.986,0,-1,-1,1,-1,-1
1179,20,Oil,Stable,Stable Oil,2.07,0,-1,-1,1,-1,-1
1180,20,Oil,Stable,Stable Oil,1.902,0.42,-1,-1,1,-1,1
1181,20,Oil,Stable,Stable Oil,1.86,0,-1,-1,1,-1,-1
1182,20,Oil,Stable,Stable Oil,1.86,-0.42,-1,-1,-1,-1,-1
1183,20,Oil,Stable,Stable Oil,1.86,0.42,-1,-1,1,-1,1
1184,20,Oil,Stable,Stable Oil,1.776,0,-1,-1,1,-1,-1
1185,20,Oil,Stable,Stable Oil,1.902,0,-1,-1,1,-1,-1
1186,20,Oil,Stable,Stable Oil,2.028,0,-1,-1,1,-1,-1
1187,20,Oil,Stable,Stable Oil,2.028,-0.42,-1,-1,-1,-1,-1
1188,20,Oil,Stable,Stable Oil,1.944,-0.42,-1,-1,-1,-1,-1
1189,20,Oil,Stable,Stable Oil,2.07,0,-1,-1,1,-1,-1
1190,20,Oil,Stable,Stable Oil,1.986,0,-1,-1,1,-1,-1
1191,20,Oil,Stable,Stable Oil,1.86,-0.42,-1,-1,-1,-1,-1
1192,20,Oil,Stable,Stable Oil,1.944,-0.42,-1,-1,-1,-1,-1
1193,20,Oil,Stable,Stable Oil,2.028,0,-1,-1,1,-1,-1
1194,20,Oil,Stable,Stable Oil,2.07,0,-1,-1,1,-1,-1
1195,20,Oil,Stable,Stable Oil,2.07,0,-1,-1,1,-1,-1
1196,20,Oil,Stable,Stable Oil,1.902,0.42,-1,-1,1,-1,1
1197,20,Oil,Stable,Stable Oil,1.986,0,-1,-1,1,-1,-1
1198,20,Oil,Stable,Stable Oil,1.986,0.42,-1,-1,1,-1,1
1199,20,Oil,Stable,Stable Oil,1.944,-0.42,-1,-1,-1,-1,-1
1200,20,Oil,Stable,Stable Oil,1.86,0,-1,-1,1,-1,-1
1201,20,Oil,Stable,Stable Oil,1.944,0,-1,-1,1,-1,-1
1202,20,Oil,Stable,Stable Oil,1.986,0,-1,-1,1,-1,-1
1203,20,Oil,Stable,Stable Oil,1.776,0,-1,-1,1,-1,-1
1204,20,Oil,Stable,Stable Oil,1.818,0.42,-1,-1,1,-1,1
1205,20,Oil,Stable,Stable Oil,1.986,0,-1,-1,1,-1,-1
1206,20,Oil,Stable,Stable Oil,1.986,0,-1,-1,1,-1,-1
1207,20,Oil,Stable,Stable Oil,1.944,0,-1,-1,1,-1,-1
1208,20,Oil,Stable,Stable Oil,2.07,0,-1,-1,1,-1,-1
1209,20,Oil,Stable,Stable Oil,1.944,0.42,-1,-1,1,-1,1
1210,20,Oil,Stable,Stable Oil,1.818,0.42,-1,-1,1,-1,1
1211,20,Oil,Stable,Stable Oil,1.986,-0.42,-1,-1,-1,-1,-1
1212,20,Oil,Stable,Stable Oil,2.028,0,-1,-1,1,-1,-1
1213,20,Oil,Stable,Stable Oil,1.944,-0.42,-1,-1,-1,-1,-1
1214,20,Oil,Stable,Stable Oil,1.902,0.42,-1,-1,1,-1,1
1215,20,Oil,Stable,Stable Oil,2.028,0,-1,-1,1,-1,-1
1216,20,Oil,Stable,Stable Oil,2.028,0,-1,-1,1,-1,-1
1217,20,Oil,Stable,Stable Oil,1.902,0.42,-1,-1,1,-1,1
1218,20,Oil,Stable,Stable Oil,1.86,-0.42,-1,-1,-1,-1,-1
1219,20,Oil,Stable,Stable Oil,1.944,0,-1,-1,1,-1,-1
1220,20,Oil,Stable,Stable Oil,1.944,-0.42,-1,-1,-1,-1,-1
1221,20,Oil,Stable,Stable Oil,2.028,-0.42,-1,-1,-1,-1,-1
1222,20,Oil,Stable,Stable Oil,2.028,0.42,-1,-1,1,-1,1
1223,20,Oil,Stable,Stable Oil,1.818,0,-1,-1,1,-1,-1
1224,20,Oil,Stable,Stable Oil,1.818,-0.42,-1,-1,-1,-1,-1
1225,20,Oil,Stable,Stable Oil,1.902,0.42,-1,-1,1,-1,1
1226,20,Oil,Stable,Stable Oil,1.944,0,-1,-1,1,-1,-1
1227,20,Oil,Stable,Stable Oil,1.902,0.42,-1,-1,1,-1,1
1228,20,Oil,Stable,Stable Oil,1.944,0,-1,-1,1,-1,-1
1229,20,Oil,Stable,Stable Oil,2.028,0,-1,-1,1,-1,-1
1230,20,Oil,Stable,Stable Oil,1.902,0,-1,-1,1,-1,-1
1231,20,Oil,Stable,Stable Oil,1.86,0,-1,-1,1,-1,-1
1232,20,Oil,Stable,Stable Oil,1.776,0,-1,-1,1,-1,-1
1233,20,Oil,Stable,Stable Oil,1.944,0.42,-1,-1,1,-1,1
1234,20,Oil,Stable,Stable Oil,2.07,0,-1,-1,1,-1,-1
1235,20,Oil,Stable,Stable Oil,1.986,0,-1,-1,1,-1,-1
1236,20,Oil,Stable,Stable Oil,2.028,0,-1,-1,1,-1,-1
1237,20,Oil,Stable,Stable Oil,1.944,-0.42,-1,-1,-1,-1,-1
1238,20,Oil,Stable,Stable Oil,1.986,0,-1,-1,1,-1,-1
1239,20,Oil,Stable,Stable Oil,1.944,0,-1,-1,1,-1,-1
1240,20,Oil,Stable,Stable Oil,1.944,-0.42,-1,-1,-1,-1,-1
1241,20,Oil,Stable,Stable Oil,2.028,0,-1,-1,1,-1,-1
1242,20,Oil,Stable,Stable Oil,1.944,0,-1,-1,1,-1,-1
1243,20,Oil,Stable,Stable Oil,1.986,0,-1,-1,1,-1,-1
1244,20,Oil,Stable,Stable Oil,1.944,0,-1,-1,1,-1,-1
1245,20,Oil,Stable,Stable Oil,1.986,0,-1,-1,1,-1,-1
1246,20,Oil,Stable,Stable Oil,1.986,0,-1,-1,1,-1,-1
1247,20,Oil,Stable,Stable Oil,1.944,0,-1,-1,1,-1,-1
1248,20,Oil,Stable,Stable Oil,1.818,-0.42,-1,-1,-1,-1,-1
1249,20,Oil,Stable,Stable Oil,1.986,0.42,-1,-1,1,-1,1
1250,20,Oil,Stable,Stable Oil,1.818,0.42,-1,-1,1,-1,1
1251,20,Oil,Stable,Stable Oil,1.944,-0.42,-1,-1,-1,-1,-1
1252,20,Oil,Stable,Stable Oil,1.818,-0.42,-1,-1,-1,-1,-1
1253,20,Oil,Stable,Stable Oil,1.818,0.42,-1,-1,1,-1,1
1254,20,Oil,Stable,Stable Oil,1.818,-0.42,-1,-1,-1,-1,-1
1255,20,Oil,Stable,Stable Oil,1.818,0,-1,-1,1,-1,-1
1256,20,Oil,Stable,Stable Oil,1.776,-0.42,-1,-1,-1,-1,-1
1257,20,Oil,Stable,Stable Oil,1.818,0.42,-1,-1,1,-1,1
1258,20,Oil,Stable,Stable Oil,1.776,0,-1,-1,1,-1,-1
1259,20,Oil,Stable,Stable Oil,1.86,0,-1,-1,1,-1,-1
1260,20,Oil,Stable,Stable Oil,1.86,0.42,-1,-1,1,-1,1
1261,20,Oil,Stable,Stable Oil,1.818,0,-1,-1,1,-1,-1
1262,20,Oil,Stable,Stable Oil,1.818,-0.42,-1,-1,-1,-1,-1
1263,20,Oil,Stable,Stable Oil,1.776,0,-1,-1,1,-1,-1
1264,20,Oil,Stable,Stable Oil,1.86,0.42,-1,-1,1,-1,1
1265,20,Oil,Stable,Stable Oil,1.944,-0.42,-1,-1,-1,-1,-1
1266,20,Oil,Stable,Stable Oil,1.902,0,-1,-1,1,-1,-1
1267,20,Oil,Stable,Stable Oil,1.944,0.42,-1,-1,1,-1,1
1268,20,Oil,Stable,Stable Oil,2.028,0,-1,-1,1,-1,-1
1269,20,Oil,Stable,Stable Oil,2.07,0,-1,-1,1,-1,-1
1270,20,Oil,Stable,Stable Oil,1.944,0,-1,-1,1,-1,-1
1271,20,Oil,Stable,Stable Oil,1.986,0,-1,-1,1,-1,-1
1272,20,Oil,Stable,Stable Oil,1.944,0,-1,-1,1,-1,-1
1273,20,Oil,Stable,Stable Oil,1.986,0,-1,-1,1,-1,-1
1274,20,Oil,Stable,Stable Oil,2.028,0,-1,-1,1,-1,-1
1275,20,Oil,Stable,Stable Oil,1.986,-0.42,-1,-1,-1,-1,-1
1276,20,Oil,Stable,Stable Oil,1.902,0,-1,-1,1,-1,-1
1277,20,Oil,Stable,Stable Oil,1.986,0,-1,-1,1,-1,-1
1278,20,Oil,Stable,Stable Oil,1.944,-0.42,-1,-1,-1,-1,-1
1279,20,Oil,Stable,Stable Oil,1.72,0,-1,-1,1,-1,-1
1280,20,Oil,Stable,Stable Oil,1.72,0,-1,-1,1,-1,-1
1281,20,Oil,Stable,Stable Oil,1.72,0,-1,-1,1,-1,-1
1282,20,Oil,Stable,Stable Oil,1.72,0,-1,-1,1,-1,-1
1283,20,Oil,Stable,Stable Oil,1.72,0,-1,-1,1,-1,-1
1284,20,Oil,Stable,Stable Oil,1.72,0,-1,-1,1,-1,-1
1285,20,Oil,Stable,Stable Oil,1.72,0,-1,-1,1,-1,-1
1286,20,Oil,Stable,Stable Oil,1.72,0,-1,-1,1,-1,-1
1287,20,Oil,Stable,Stable Oil,1.72,0,-1,-1,1,-1,-1
1288,20,Oil,Stable,Stable Oil,1.72,0,-1,-1,1,-1,-1
1289,20,Oil,Stable,Stable Oil,1.72,0,-1,-1,1,-1,-1
1290,20,Oil,Stable,Stable Oil,1.72,0,-1,-1,1,-1,-1
1291,20,Oil,Stable,Stable Oil,1.72,0,-1,-1,1,-1,-1
1292,20,Oil,Stable,Stable Oil,1.72,0,-1,-1,1,-1,-1
1293,20,Oil,Stable,Stable Oil,1.72,0,-1,-1,1,-1,-1
1294,20,Oil,Stable,Stable Oil,1.72,0,-1,-1,1,-1,-1
1295,20,Oil,Stable,Stable Oil,1.72,0,-1,-1,1,-1,-1
1296,20,Oil,Stable,Stable Oil,1.72,0,-1,-1,1,-1,-1
1297,20,Oil,Stable,Stable Oil,1.72,0,-1,-1,1,-1,-1
1298,20,Oil,Stable,Stable Oil,1.72,0,-1,-1,1,-1,-1
1299,20,Oil,Stable,Stable Oil,1.72,0,-1,-1,1,-1,-1
1300,20,Oil,Stable,Stable Oil,1.72,0,-1,-1,1,-1,-1
1301,20,Oil,Stable,Stable Oil,1.72,0,-1,-1,1,-1,-1
1302,20,Oil,Stable,Stable Oil,1.72,0,-1,-1,1,-1,-1
1303,20,Oil,Stable,Stable Oil,1.72,0,-1,-1,1,-1,-1
1304,20,Oil,Stable,Stable Oil,1.72,0,-1,-1,1,-1,-1
1305,20,Oil,Stable,Stable Oil,1.72,0,-1,-1,1,-1,-1
1306,20,Oil,Stable,Stable Oil,1.72,0,-1,-1,1,-1,-1
1307,20,Oil,Stable,Stable Oil,1.72,0,-1,-1,1,-1,-1
1308,20,Oil,Stable,Stable Oil,1.72,0,-1,-1,1,-1,-1
1309,20,Oil,Stable,Stable Oil,1.72,0,-1,-1,1,-1,-1
1310,20,Oil,Stable,Stable Oil,1.72,0,-1,-1,1,-1,-1
1311,20,Oil,Stable,Stable Oil,1.72,0,-1,-1,1,-1,-1
1312,20,Oil,Stable,Stable Oil,1.72,0,-1,-1,1,-1,-1
1313,20,Oil,Stable,Stable Oil,1.72,0,-1,-1,1,-1,-1
1314,20,Oil,Stable,Stable Oil,1.72,0,-1,-1,1,-1,-1
1315,20,Oil,Stable,Stable Oil,1.72,0,-1,-1,1,-1,-1
1316,20,Oil,Stable,Stable Oil,1.72,0,-1,-1,1,-1,-1
1317,20,Oil,Stable,Stable Oil,1.72,0,-1,-1,1,-1,-1
1318,20,Oil,Stable,Stable Oil,1.72,0,-1,-1,1,-1,-1
1319,20,Oil,Stable,Stable Oil,1.72,0,-1,-1,1,-1,-1
1320,20,Oil,Stable,Stable Oil,1.72,0,-1,-1,1,-1,-1
1321,20,Oil,Stable,Stable Oil,1.72,0,-1,-1,1,-1,-1
1322,20,Oil,Stable,Stable Oil,1.72,0,-1,-1,1,-1,-1
1323,20,Oil,Stable,Stable Oil,1.72,0,-1,-1,1,-1,-1
1324,20,Oil,Stable,Stable Oil,1.72,0,-1,-1,1,-1,-1
1325,20,Oil,Stable,Stable Oil,1.72,0,-1,-1,1,-1,-1
1326,20,Oil,Stable,Stable Oil,1.72,0,-1,-1,1,-1,-1
1327,20,Oil,Stable,Stable Oil,1.72,0,-1,-1,1,-1,-1
1328,20,Oil,Stable,Stable Oil,1.72,0,-1,-1,1,-1,-1
1329,20,Oil,Stable,Stable Oil,1.72,0,-1,-1,1,-1,-1
1330,20,Oil,Stable,Stable Oil,1.72,0,-1,-1,1,-1,-1
1331,20,Oil,Stable,Stable Oil,1.72,0,-1,-1,1,-1,-1
1332,20,Oil,Stable,Stable Oil,1.72,0,-1,-1,1,-1,-1
1333,20,Oil,Stable,Stable Oil,1.72,0,-1,-1,1,-1,-1
1334,20,Oil,Stable,Stable Oil,1.72,0,-1,-1,1,-1,-1
1335,20,Oil,Stable,Stable Oil,1.72,0,-1,-1,1,-1,-1
1336,20,Oil,Stable,Stable Oil,1.72,0,-1,-1,1,-1,-1
1337,20,Oil,Stable,Stable Oil,1.72,0,-1,-1,1,-1,-1
1338,20,Oil,Stable,Stable Oil,1.72,0,-1,-1,1,-1,-1
1339,20,Oil,Stable,Stable Oil,1.72,0,-1,-1,1,-1,-1
1340,20,Oil,Stable,Stable Oil,1.72,0,-1,-1,1,-1,-1
1341,20,Oil,Stable,Stable Oil,1.72,0,-1,-1,1,-1,-1
1342,20,Oil,Stable,Stable Oil,1.72,0,-1,-1,1,-1,-1
1343,20,Oil,Stable,Stable Oil,1.72,0,-1,-1,1,-1,-1
1344,20,Oil,Stable,Stable Oil,1.72,0,-1,-1,1,-1,-1
1345,20,Oil,Stable,Stable Oil,1.72,0,-1,-1,1,-1,-1
1346,20,Oil,Stable,Stable Oil,1.72,0,-1,-1,1,-1,-1
1347,20,Oil,Stable,Stable Oil,1.72,0,-1,-1,1,-1,-1
1348,20,Oil,Stable,Stable Oil,1.72,0,-1,-1,1,-1,-1
1349,20,Oil,Stable,Stable Oil,1.72,0,-1,-1,1,-1,-1
1350,20,Oil,Stable,Stable Oil,1.72,0,-1,-1,1,-1,-1
1351,20,Oil,Stable,Stable Oil,1.72,0,-1,-1,1,-1,-1
1352,20,Oil,Stable,Stable Oil,1.72,0,-1,-1,1,-1,-1
1353,20,Oil,Stable,Stable Oil,1.72,0,-1,-1,1,-1,-1
1354,20,Oil,Stable,Stable Oil,1.72,0,-1,-1,1,-1,-1
1355,20,Oil,Stable,Stable Oil,1.72,0,-1,-1,1,-1,-1
1356,20,Oil,Stable,Stable Oil,1.72,0,-1,-1,1,-1,-1
1357,20,Oil,Stable,Stable Oil,1.72,0,-1,-1,1,-1,-1
1358,20,Oil,Stable,Stable Oil,1.72,0,-1,-1,1,-1,-1
1359,20,Oil,Stable,Stable Oil,1.72,0,-1,-1,1,-1,-1
1360,20,Oil,Stable,Stable Oil,1.72,0,-1,-1,1,-1,-1
1361,20,Oil,Stable,Stable Oil,1.72,0,-1,-1,1,-1,-1
1362,20,Oil,Stable,Stable Oil,1.72,0,-1,-1,1,-1,-1
1363,20,Oil,Stable,Stable Oil,1.72,0,-1,-1,1,-1,-1
1364,20,Oil,Stable,Stable Oil,1.72,0,-1,-1,1,-1,-1
1365,20,Oil,Stable,Stable Oil,1.72,0,-1,-1,1,-1,-1
1366,20,Oil,Stable,Stable Oil,1.72,0,-1,-1,1,-1,-1
1367,20,Oil,Stable,Stable Oil,1.72,0,-1,-1,1,-1,-1
1368,20,Oil,Stable,Stable Oil,1.72,0,-1,-1,1,-1,-1
1369,20,Oil,Stable,Stable Oil,1.72,0,-1,-1,1,-1,-1
1370,20,Oil,Stable,Stable Oil,1.72,0,-1,-1,1,-1,-1
1371,20,Oil,Stable,Stable Oil,1.72,0,-1,-1,1,-1,-1
1372,20,Oil,Stable,Stable Oil,1.72,0,-1,-1,1,-1,-1
1373,20,Oil,Stable,Stable Oil,1.72,0,-1,-1,1,-1,-1
1374,20,Oil,Stable,Stable Oil,1.72,0,-1,-1,1,-1,-1
1375,20,Oil,Stable,Stable Oil,1.72,0,-1,-1,1,-1,-1
1376,20,Oil,Stable,Stable Oil,1.72,0,-1,-1,1,-1,-1
1377,20,Oil,Stable,Stable Oil,1.72,0,-1,-1,1,-1,-1
1378,20,Oil,Stable,Stable Oil,1.72,0,-1,-1,1,-1,-1
1379,20,Oil,Stable,Stable Oil,1.72,0,-1,-1,1,-1,-1
1380,20,Oil,Stable,Stable Oil,1.72,0,-1,-1,1,-1,-1
1381,20,Oil,Stable,Stable Oil,1.72,0,-1,-1,1,-1,-1
1382,20,Oil,Stable,Stable Oil,1.72,0,-1,-1,1,-1,-1
1383,20,Oil,Stable,Stable Oil,1.72,0,-1,-1,1,-1,-1
1384,20,Oil,Stable,Stable Oil,1.72,0,-1,-1,1,-1,-1
1385,20,Oil,Stable,Stable Oil,1.72,0,-1,-1,1,-1,-1
1386,20,Oil,Stable,Stable Oil,1.72,0,-1,-1,1,-1,-1
1387,20,Oil,Stable,Stable Oil,1.72,0,-1,-1,1,-1,-1
1388,20,Oil,Stable,Stable Oil,1.72,0,-1,-1,1,-1,-1
1389,20,Oil,Stable,Stable Oil,1.72,0,-1,-1,1,-1,-1
1390,20,Oil,Stable,Stable Oil,1.72,0,-1,-1,1,-1,-1
1391,20,Oil,Stable,Stable Oil,1.72,0,-1,-1,1,-1,-1
1392,20,Oil,Stable,Stable Oil,1.72,0,-1,-1,1,-1,-1
1393,20,Oil,Stable,Stable Oil,1.72,0,-1,-1,1,-1,-1
1394,20,Oil,Stable,Stable Oil,1.72,0,-1,-1,1,-1,-1
1395,20,Oil,Stable,Stable Oil,1.72,0,-1,-1,1,-1,-1
1396,20,Oil,Stable,Stable Oil,1.72,0,-1,-1,1,-1,-1
1397,20,Oil,Stable,Stable Oil,1.72,0,-1,-1,1,-1,-1
1398,20,Oil,Stable,Stable Oil,1.72,0,-1,-1,1,-1,-1
1399,20,Oil,Stable,Stable Oil,1.72,0,-1,-1,1,-1,-1
1400,20,Oil,Stable,Stable Oil,1.72,0,-1,-1,1,-1,-1
1401,20,Oil,Stable,Stable Oil,1.72,0,-1,-1,1,-1,-1
1402,20,Oil,Stable,Stable Oil,1.72,0,-1,-1,1,-1,-1
1403,20,Oil,Stable,Stable Oil,1.72,0,-1,-1,1,-1,-1
1404,20,Oil,Stable,Stable Oil,1.72,0,-1,-1,1,-1,-1
1405,20,Oil,Stable,Stable Oil,1.72,0,-1,-1,1,-1,-1
1406,20,Oil,Stable,Stable Oil,1.72,0,-1,-1,1,-1,-1
1407,20,Oil,Stable,Stable Oil,1.72,0,-1,-1,1,-1,-1
1408,20,Oil,Stable,Stable Oil,1.72,0,-1,-1,1,-1,-1
1409,20,Oil,Stable,Stable Oil,1.72,0,-1,-1,1,-1,-1
1410,20,Oil,Stable,Stable Oil,1.72,0,-1,-1,1,-1,-1
1411,20,Oil,Stable,Stable Oil,1.72,0,-1,-1,1,-1,-1
1412,20,Oil,Stable,Stable Oil,1.72,0,-1,-1,1,-1,-1
1413,20,Oil,Stable,Stable Oil,1.72,0,-1,-1,1,-1,-1
1414,20,Oil,Stable,Stable Oil,1.72,0,-1,-1,1,-1,-1
1415,20,Oil,Stable,Stable Oil,1.72,0,-1,-1,1,-1,-1
1416,20,Oil,Stable,Stable Oil,1.72,0,-1,-1,1,-1,-1
1417,20,Oil,Stable,Stable Oil,1.72,0,-1,-1,1,-1,-1
1418,20,Oil,Stable,Stable Oil,1.72,0,-1,-1,1,-1,-1
1419,20,Oil,Stable,Stable Oil,1.72,0,-1,-1,1,-1,-1
1420,20,Oil,Stable,Stable Oil,1.72,0,-1,-1,1,-1,-1
1421,20,Oil,Stable,Stable Oil,1.72,0,-1,-1,1,-1,-1
1422,20,Oil,Stable,Stable Oil,1.72,0,-1,-1,1,-1,-1
1423,20,Oil,Stable,Stable Oil,1.72,0,-1,-1,1,-1,-1
1424,20,Oil,Stable,Stable Oil,1.72,0,-1,-1,1,-1,-1
1425,20,Oil,Stable,Stable Oil,1.72,0,-1,-1,1,-1,-1
1426,20,Oil,Stable,Stable Oil,1.72,0,-1,-1,1,-1,-1
1427,20,Oil,Stable,Stable Oil,1.72,0,-1,-1,1,-1,-1
1428,20,Oil,Stable,Stable Oil,1.72,0,-1,-1,1,-1,-1
1429,20,Oil,Stable,Stable Oil,1.72,0,-1,-1,1,-1,-1
1430,20,Oil,Stable,Stable Oil,1.72,0,-1,-1,1,-1,-1
1431,20,Oil,Stable,Stable Oil,1.72,0,-1,-1,1,-1,-1
1432,20,Oil,Stable,Stable Oil,1.72,0,-1,-1,1,-1,-1
1433,20,Oil,Stable,Stable Oil,1.72,0,-1,-1,1,-1,-1
1434,20,Oil,Stable,Stable Oil,1.72,0,-1,-1,1,-1,-1
1435,20,Oil,Stable,Stable Oil,1.72,0,-1,-1,1,-1,-1
1436,20,Oil,Stable,Stable Oil,1.72,0,-1,-1,1,-1,-1
1437,20,Oil,Stable,Stable Oil,1.72,0,-1,-1,1,-1,-1
1438,20,Oil,Stable,Stable Oil,1.72,0,-1,-1,1,-1,-1
1439,20,Oil,Stable,Stable Oil,1.72,0,-1,-1,1,-1,-1
1440,20,Oil,Stable,Stable Oil,1.72,0,-1,-1,1,-1,-1
1441,20,Oil,Stable,Stable Oil,1.72,0,-1,-1,1,-1,-1
1442,20,Oil,Stable,Stable Oil,1.72,0,-1,-1,1,-1,-1
1443,20,Oil,Stable,Stable Oil,1.72,0,-1,-1,1,-1,-1
1444,20,Oil,Stable,Stable Oil,1.72,0,-1,-1,1,-1,-1
1445,20,Oil,Stable,Stable Oil,1.72,0,-1,-1,1,-1,-1
1446,20,Oil,Stable,Stable Oil,1.72,0,-1,-1,1,-1,-1
1447,20,Oil,Stable,Stable Oil,1.72,0,-1,-1,1,-1,-1
1448,20,Oil,Stable,Stable Oil,1.72,0,-1,-1,1,-1,-1
1449,20,Oil,Stable,Stable Oil,1.72,0,-1,-1,1,-1,-1
1450,20,Oil,Stable,Stable Oil,1.72,0,-1,-1,1,-1,-1
1451,20,Oil,Stable,Stable Oil,1.72,0,-1,-1,1,-1,-1
1452,20,Oil,Stable,Stable Oil,1.72,0,-1,-1,1,-1,-1
1453,20,Oil,Stable,Stable Oil,1.72,0,-1,-1,1,-1,-1
1454,20,Oil,Stable,Stable Oil,1.72,0,-1,-1,1,-1,-1
1455,20,Oil,Stable,Stable Oil,1.72,0,-1,-1,1,-1,-1
1456,20,Oil,Stable,Stable Oil,1.72,0,-1,-1,1,-1,-1
1457,20,Oil,Stable,Stable Oil,1.72,0,-1,-1,1,-1,-1
1458,20,Oil,Stable,Stable Oil,1.72,0,-1,-1,1,-1,-1
1459,20,Oil,Stable,Stable Oil,1.72,0,-1,-1,1,-1,-1
1460,20,Oil,Stable,Stable Oil,1.72,0,-1,-1,1,-1,-1
1461,20,Oil,Stable,Stable Oil,1.72,0,-1,-1,1,-1,-1
1462,20,Oil,Stable,Stable Oil,1.72,0,-1,-1,1,-1,-1
1463,20,Oil,Stable,Stable Oil,1.72,0,-1,-1,1,-1,-1
1464,20,Oil,Stable,Stable Oil,1.72,0,-1,-1,1,-1,-1
1465,20,Oil,Stable,Stable Oil,1.72,0,-1,-1,1,-1,-1
1466,20,Oil,Stable,Stable Oil,1.72,0,-1,-1,1,-1,-1
1467,20,Oil,Stable,Stable Oil,1.72,0,-1,-1,1,-1,-1
1468,20,Oil,Stable,Stable Oil,1.72,0,-1,-1,1,-1,-1
1469,20,Oil,Stable,Stable Oil,1.72,0,-1,-1,1,-1,-1
1470,20,Oil,Stable,Stable Oil,1.72,0,-1,-1,1,-1,-1
1471,20,Oil,Stable,Stable Oil,1.72,0,-1,-1,1,-1,-1
1472,20,Oil,Stable,Stable Oil,1.72,0,-1,-1,1,-1,-1
1473,20,Oil,Stable,Stable Oil,1.72,0,-1,-1,1,-1,-1
1474,20,Oil,Stable,Stable Oil,1.72,0,-1,-1,1,-1,-1
1475,20,Oil,Stable,Stable Oil,1.72,0,-1,-1,1,-1,-1
1476,20,Oil,Stable,Stable Oil,1.72,0,-1,-1,1,-1,-1
1477,20,Oil,Stable,Stable Oil,1.72,0,-1,-1,1,-1,-1
1478,20,Oil,Stable,Stable Oil,1.72,0,-1,-1,1,-1,-1
1479,21,Water,Stable,Stable Water,55.17,0,1,1,-1,1,1
1480,21,Water,Stable,Stable Water,55.17,0,1,1,-1,1,1
1481,21,Water,Stable,Stable Water,55.17,0,1,1,-1,1,1
1482,21,Water,Stable,Stable Water,55.17,0,1,1,-1,1,1
1483,21,Water,Stable,Stable Water,55.17,0,1,1,-1,1,1
1484,21,Water,Stable,Stable Water,55.17,0,1,1,-1,1,1
1485,21,Water,Stable,Stable Water,55.17,0,1,1,-1,1,1
1486,21,Water,Stable,Stable Water,55.17,0,1,1,-1,1,1
1487,21,Water,Stable,Stable Water,55.17,0,1,1,-1,1,1
1488,21,Water,Stable,Stable Water,55.17,0,1,1,-1,1,1
1489,21,Water,Stable,Stable Water,55.17,0,1,1,-1,1,1
1490,21,Water,Stable,Stable Water,55.17,0,1,1,-1,1,1
1491,21,Water,Stable,Stable Water,55.17,0,1,1,-1,1,1
1492,21,Water,Stable,Stable Water,55.17,0,1,1,-1,1,1
1493,21,Water,Stable,Stable Water,55.17,0,1,1,-1,1,1
1494,21,Water,Stable,Stable Water,55.17,0,1,1,-1,1,1
1495,21,Water,Stable,Stable Water,55.17,0,1,1,-1,1,1
1496,21,Water,Stable,Stable Water,55.17,0,1,1,-1,1,1
1497,21,Water,Stable,Stable Water,55.17,0,1,1,-1,1,1
1498,21,Water,Stable,Stable Water,55.17,0,1,1,-1,1,1
1499,21,Water,Stable,Stable Water,55.17,0,1,1,-1,1,1
1500,21,Water,Stable,Stable Water,55.17,0,1,1,-1,1,1
1501,21,Water,Stable,Stable Water,55.17,0,1,1,-1,1,1
1502,21,Water,Stable,Stable Water,55.17,0,1,1,-1,1,1
1503,21,Water,Stable,Stable Water,55.17,0,1,1,-1,1,1
1504,21,Water,Stable,Stable Water,55.17,0,1,1,-1,1,1
1505,21,Water,Stable,Stable Water,55.17,0,1,1,-1,1,1
1506,21,Water,Stable,Stable Water,55.17,0,1,1,-1,1,1
1507,21,Water,Stable,Stable Water,55.17,0,1,1,-1,1,1
1508,21,Water,Stable,Stable Water,55.17,0,1,1,-1,1,1
1509,21,Water,Stable,Stable Water,55.17,0,1,1,-1,1,1
1510,21,Water,Stable,Stable Water,55.17,0,1,1,-1,1,1
1511,21,Water,Stable,Stable Water,55.17,0,1,1,-1,1,1
1512,21,Water,Stable,Stable Water,55.17,0,1,1,-1,1,1
1513,21,Water,Stable,Stable Water,55.17,0,1,1,-1,1,1
1514,21,Water,Stable,Stable Water,55.17,0,1,1,-1,1,1
1515,21,Water,Stable,Stable Water,55.17,0,1,1,-1,1,1
1516,21,Water,Stable,Stable Water,55.17,0,1,1,-1,1,1
1517,21,Water,Stable,Stable Water,55.17,0,1,1,-1,1,1
1518,21,Water,Stable,Stable Water,55.17,0,1,1,-1,1,1
1519,21,Water,Stable,Stable Water,55.17,0,1,1,-1,1,1
1520,21,Water,Stable,Stable Water,55.17,0,1,1,-1,1,1
1521,21,Water,Stable,Stable Water,55.17,0,1,1,-1,1,1
1522,21,Water,Stable,Stable Water,55.17,0,1,1,-1,1,1
1523,21,Water,Stable,Stable Water,55.17,0,1,1,-1,1,1
1524,21,Water,Stable,Stable Water,55.17,0,1,1,-1,1,1
1525,21,Water,Stable,Stable Water,55.17,0,1,1,-1,1,1
1526,21,Water,Stable,Stable Water,55.17,0,1,1,-1,1,1
1527,21,Water,Stable,Stable Water,55.17,0,1,1,-1,1,1
1528,21,Water,Stable,Stable Water,55.17,0,1,1,-1,1,1
1529,21,Water,Stable,Stable Water,55.17,0,1,1,-1,1,1
1530,21,Water,Stable,Stable Water,55.17,0,1,1,-1,1,1
1531,21,Water,Stable,Stable Water,55.17,0,1,1,-1,1,1
1532,21,Water,Stable,Stable Water,55.17,0,1,1,-1,1,1
1533,21,Water,Stable,Stable Water,55.17,0,1,1,-1,1,1
1534,21,Water,Stable,Stable Water,55.17,0,1,1,-1,1,1
1535,21,Water,Stable,Stable Water,55.17,0,1,1,-1,1,1
1536,21,Water,Stable,Stable Water,55.17,0,1,1,-1,1,1
1537,21,Water,Stable,Stable Water,55.17,0,1,1,-1,1,1
1538,21,Water,Stable,Stable Water,55.17,0,1,1,-1,1,1
1539,21,Water,Stable,Stable Water,55.17,0,1,1,-1,1,1
1540,21,Water,Stable,Stable Water,55.17,0,1,1,-1,1,1
1541,21,Water,Stable,Stable Water,55.17,0,1,1,-1,1,1
1542,21,Water,Stable,Stable Water,55.17,0,1,1,-1,1,1
1543,21,Water,Stable,Stable Water,55.17,0,1,1,-1,1,1
1544,21,Water,Stable,Stable Water,55.17,0,1,1,-1,1,1
1545,21,Water,Stable,Stable Water,55.17,0,1,1,-1,1,1
1546,21,Water,Stable,Stable Water,55.17,0,1,1,-1,1,1
1547,21,Water,Stable,Stable Water,55.17,0,1,1,-1,1,1
1548,21,Water,Stable,Stable Water,55.17,0,1,1,-1,1,1
1549,21,Water,Stable,Stable Water,55.17,0,1,1,-1,1,1
1550,21,Water,Stable,Stable Water,55.17,0,1,1,-1,1,1
1551,21,Water,Stable,Stable Water,55.17,0,1,1,-1,1,1
1552,21,Water,Stable,Stable Water,55.17,0,1,1,-1,1,1
1553,21,Water,Stable,Stable Water,55.17,0,1,1,-1,1,1
1554,21,Water,Stable,Stable Water,55.17,0,1,1,-1,1,1
1555,21,Water,Stable,Stable Water,55.17,0,1,1,-1,1,1
1556,21,Water,Stable,Stable Water,55.17,0,1,1,-1,1,1
1557,21,Water,Stable,Stable Water,55.17,0,1,1,-1,1,1
1558,21,Water,Stable,Stable Water,55.17,0,1,1,-1,1,1
1559,21,Water,Stable,Stable Water,55.17,0,1,1,-1,1,1
1560,21,Water,Stable,Stable Water,55.17,0,1,1,-1,1,1
1561,21,Water,Stable,Stable Water,55.17,0,1,1,-1,1,1
1562,21,Water,Stable,Stable Water,55.17,0,1,1,-1,1,1
1563,21,Water,Stable,Stable Water,55.17,0,1,1,-1,1,1
1564,21,Water,Stable,Stable Water,55.17,0,1,1,-1,1,1
1565,21,Water,Stable,Stable Water,55.17,0,1,1,-1,1,1
1566,21,Water,Stable,Stable Water,55.17,0,1,1,-1,1,1
1567,21,Water,Stable,Stable Water,55.17,0,1,1,-1,1,1
1568,21,Water,Stable,Stable Water,55.17,0,1,1,-1,1,1
1569,21,Water,Stable,Stable Water,55.17,0,1,1,-1,1,1
1570,21,Water,Stable,Stable Water,55.17,0,1,1,-1,1,1
1571,21,Water,Stable,Stable Water,55.17,0,1,1,-1,1,1
1572,21,Water,Stable,Stable Water,55.17,0,1,1,-1,1,1
1573,21,Water,Stable,Stable Water,55.17,0,1,1,-1,1,1
1574,21,Water,Stable,Stable Water,55.17,0,1,1,-1,1,1
1575,21,Water,Stable,Stable Water,55.17,0,1,1,-1,1,1
1576,21,Water,Stable,Stable Water,55.17,0,1,1,-1,1,1
1577,21,Water,Stable,Stable Water,55.17,0,1,1,-1,1,1
1578,21,Water,Stable,Stable Water,55.17,0,1,1,-1,1,1
1579,21,Water,Stable,Stable Water,55.17,0,1,1,-1,1,1
1580,21,Water,Stable,Stable Water,55.17,0,1,1,-1,1,1
1581,21,Water,Stable,Stable Water,55.17,0,1,1,-1,1,1
1582,21,Water,Stable,Stable Water,55.17,0,1,1,-1,1,1
1583,21,Water,Stable,Stable Water,55.17,0,1,1,-1,1,1
1584,21,Water,Stable,Stable Water,55.17,0,1,1,-1,1,1
1585,21,Water,Stable,Stable Water,55.17,0,1,1,-1,1,1
1586,21,Water,Stable,Stable Water,55.17,0,1,1,-1,1,1
1587,21,Water,Stable,Stable Water,55.17,0,1,1,-1,1,1
1588,21,Water,Stable,Stable Water,55.17,0,1,1,-1,1,1
1589,21,Water,Stable,Stable Water,55.17,0,1,1,-1,1,1
1590,21,Water,Stable,Stable Water,55.17,0,1,1,-1,1,1
1591,21,Water,Stable,Stable Water,55.17,0,1,1,-1,1,1
1592,21,Water,Stable,Stable Water,55.17,0,1,1,-1,1,1
1593,21,Water,Stable,Stable Water,55.17,0,1,1,-1,1,1
1594,21,Water,Stable,Stable Water,55.17,0,1,1,-1,1,1
1595,21,Water,Stable,Stable Water,55.17,0,1,1,-1,1,1
1596,21,Water,Stable,Stable Water,55.17,0,1,1,-1,1,1
1597,21,Water,Stable,Stable Water,55.17,0,1,1,-1,1,1
1598,21,Water,Stable,Stable Water,55.17,0,1,1,-1,1,1
1599,21,Water,Stable,Stable Water,55.17,0,1,1,-1,1,1
1600,21,Water,Stable,Stable Water,55.17,0,1,1,-1,1,1
1601,21,Water,Stable,Stable Water,55.17,0,1,1,-1,1,1
1602,21,Water,Stable,Stable Water,55.17,0,1,1,-1,1,1
1603,21,Water,Stable,Stable Water,55.17,0,1,1,-1,1,1
1604,21,Water,Stable,Stable Water,55.17,0,1,1,-1,1,1
1605,21,Water,Stable,Stable Water,55.17,0,1,1,-1,1,1
1606,21,Water,Stable,Stable Water,55.17,0,1,1,-1,1,1
1607,21,Water,Stable,Stable Water,55.17,0,1,1,-1,1,1
1608,21,Water,Stable,Stable Water,55.17,0,1,1,-1,1,1
1609,21,Water,Stable,Stable Water,55.17,0,1,1,-1,1,1
1610,21,Water,Stable,Stable Water,55.17,0,1,1,-1,1,1
1611,21,Water,Stable,Stable Water,55.17,0,1,1,-1,1,1
1612,21,Water,Stable,Stable Water,55.17,0,1,1,-1,1,1
1613,21,Water,Stable,Stable Water,55.17,0,1,1,-1,1,1
1614,21,Water,Stable,Stable Water,55.17,0,1,1,-1,1,1
1615,21,Water,Stable,Stable Water,55.17,0,1,1,-1,1,1
1616,21,Water,Stable,Stable Water,55.17,0,1,1,-1,1,1
1617,21,Water,Stable,Stable Water,55.17,0,1,1,-1,1,1
1618,21,Water,Stable,Stable Water,55.17,0,1,1,-1,1,1
1619,21,Water,Stable,Stable Water,55.17,0,1,1,-1,1,1
1620,21,Water,Stable,Stable Water,55.17,0,1,1,-1,1,1
1621,21,Water,Stable,Stable Water,55.17,0,1,1,-1,1,1
1622,21,Water,Stable,Stable Water,55.17,0,1,1,-1,1,1
1623,21,Water,Stable,Stable Water,55.17,0,1,1,-1,1,1
1624,21,Water,Stable,Stable Water,55.17,0,1,1,-1,1,1
1625,21,Water,Stable,Stable Water,55.17,0,1,1,-1,1,1
1626,21,Water,Stable,Stable Water,55.17,0,1,1,-1,1,1
1627,21,Water,Stable,Stable Water,55.17,0,1,1,-1,1,1
1628,21,Water,Stable,Stable Water,55.17,0,1,1,-1,1,1
1629,21,Water,Stable,Stable Water,55.17,0,1,1,-1,1,1
1630,21,Water,Stable,Stable Water,55.17,0,1,1,-1,1,1
1631,21,Water,Stable,Stable Water,55.17,0,1,1,-1,1,1
1632,21,Water,Stable,Stable Water,55.17,0,1,1,-1,1,1
1633,21,Water,Stable,Stable Water,55.17,0,1,1,-1,1,1
1634,21,Water,Stable,Stable Water,55.17,0,1,1,-1,1,1
1635,21,Water,Stable,Stable Water,55.17,0,1,1,-1,1,1
1636,21,Water,Stable,Stable Water,55.17,0,1,1,-1,1,1
1637,21,Water,Stable,Stable Water,55.17,0,1,1,-1,1,1
1638,21,Water,Stable,Stable Water,55.17,0,1,1,-1,1,1
1639,21,Water,Stable,Stable Water,55.17,0,1,1,-1,1,1
1640,21,Water,Stable,Stable Water,55.17,0,1,1,-1,1,1
1641,21,Water,Stable,Stable Water,55.17,0,1,1,-1,1,1
1642,21,Water,Stable,Stable Water,55.17,0,1,1,-1,1,1
1643,21,Water,Stable,Stable Water,55.17,0,1,1,-1,1,1
1644,21,Water,Stable,Stable Water,55.17,0,1,1,-1,1,1
1645,21,Water,Stable,Stable Water,55.17,0,1,1,-1,1,1
1646,21,Water,Stable,Stable Water,55.17,0,1,1,-1,1,1
1647,21,Water,Stable,Stable Water,55.17,0,1,1,-1,1,1
1648,21,Water,Stable,Stable Water,55.17,0,1,1,-1,1,1
1649,21,Water,Stable,Stable Water,55.17,0,1,1,-1,1,1
1650,21,Water,Stable,Stable Water,55.17,0,1,1,-1,1,1
1651,21,Water,Stable,Stable Water,55.17,0,1,1,-1,1,1
1652,21,Water,Stable,Stable Water,55.17,0,1,1,-1,1,1
1653,21,Water,Stable,Stable Water,55.17,0,1,1,-1,1,1
1654,21,Water,Stable,Stable Water,55.17,0,1,1,-1,1,1
1655,21,Water,Stable,Stable Water,55.17,0,1,1,-1,1,1
1656,21,Water,Stable,Stable Water,55.17,0,1,1,-1,1,1
1657,21,Water,Stable,Stable Water,55.17,0,1,1,-1,1,1
1658,21,Water,Stable,Stable Water,55.17,0,1,1,-1,1,1
1659,21,Water,Stable,Stable Water,55.17,0,1,1,-1,1,1
1660,21,Water,Stable,Stable Water,55.17,0,1,1,-1,1,1
1661,21,Water,Stable,Stable Water,55.17,0,1,1,-1,1,1
1662,21,Water,Stable,Stable Water,55.17,0,1,1,-1,1,1
1663,21,Water,Stable,Stable Water,55.17,0,1,1,-1,1,1
1664,21,Water,Stable,Stable Water,55.17,0,1,1,-1,1,1
1665,21,Water,Stable,Stable Water,55.17,0,1,1,-1,1,1
1666,21,Water,Stable,Stable Water,55.17,0,1,1,-1,1,1
1667,21,Water,Stable,Stable Water,55.17,0,1,1,-1,1,1
1668,21,Water,Stable,Stable Water,55.17,0,1,1,-1,1,1
1669,21,Water,Stable,Stable Water,55.17,0,1,1,-1,1,1
1670,21,Water,Stable,Stable Water,55.17,0,1,1,-1,1,1
1671,21,Water,Stable,Stable Water,55.17,0,1,1,-1,1,1
1672,21,Water,Stable,Stable Water,55.17,0,1,1,-1,1,1
1673,21,Water,Stable,Stable Water,55.17,0,1,1,-1,1,1
1674,21,Water,Stable,Stable Water,55.17,0,1,1,-1,1,1
1675,21,Water,Stable,Stable Water,55.17,0,1,1,-1,1,1
1676,21,Water,Stable,Stable Water,55.17,0,1,1,-1,1,1
1677,21,Water,Stable,Stable Water,55.17,0,1,1,-1,1,1
1678,21,Water,Stable,Stable Water,55.17,0,1,1,-1,1,1
1679,21,Water,Stable,Stable Water,80,0,1,1,-1,1,1
1680,21,Water,Stable,Stable Water,80,0,1,1,-1,1,1
1681,21,Water,Stable,Stable Water,80,0,1,1,-1,1,1
1682,21,Water,Stable,Stable Water,80,0,1,1,-1,1,1
1683,21,Water,Stable,Stable Water,80,0,1,1,-1,1,1
1684,21,Water,Stable,Stable Water,80,0,1,1,-1,1,1
1685,21,Water,Stable,Stable Water,80,0,1,1,-1,1,1
1686,21,Water,Stable,Stable Water,80,0,1,1,-1,1,1
1687,21,Water,Stable,Stable Water,80,0,1,1,-1,1,1
1688,21,Water,Stable,Stable Water,80,0,1,1,-1,1,1
1689,21,Water,Stable,Stable Water,80,0,1,1,-1,1,1
1690,21,Water,Stable,Stable Water,80,0,1,1,-1,1,1
1691,21,Water,Stable,Stable Water,80,0,1,1,-1,1,1
1692,21,Water,Stable,Stable Water,80,0,1,1,-1,1,1
1693,21,Water,Stable,Stable Water,80,0,1,1,-1,1,1
1694,21,Water,Stable,Stable Water,80,0,1,1,-1,1,1
1695,21,Water,Stable,Stable Water,80,0,1,1,-1,1,1
1696,21,Water,Stable,Stable Water,80,0,1,1,-1,1,1
1697,21,Water,Stable,Stable Water,80,0,1,1,-1,1,1
1698,21,Water,Stable,Stable Water,80,0,1,1,-1,1,1
1699,21,Water,Stable,Stable Water,80,0,1,1,-1,1,1
1700,21,Water,Stable,Stable Water,80,0,1,1,-1,1,1
1701,21,Water,Stable,Stable Water,80,0,1,1,-1,1,1
1702,21,Water,Stable,Stable Water,80,0,1,1,-1,1,1
1703,21,Water,Stable,Stable Water,80,0,1,1,-1,1,1
1704,21,Water,Stable,Stable Water,80,0,1,1,-1,1,1
1705,21,Water,Stable,Stable Water,80,0,1,1,-1,1,1
1706,21,Water,Stable,Stable Water,80,0,1,1,-1,1,1
1707,21,Water,Stable,Stable Water,80,0,1,1,-1,1,1
1708,21,Water,Stable,Stable Water,80,0,1,1,-1,1,1
1709,21,Water,Stable,Stable Water,80,0,1,1,-1,1,1
1710,21,Water,Stable,Stable Water,80,0,1,1,-1,1,1
1711,21,Water,Stable,Stable Water,80,0,1,1,-1,1,1
1712,21,Water,Stable,Stable Water,80,0,1,1,-1,1,1
1713,21,Water,Stable,Stable Water,80,0,1,1,-1,1,1
1714,21,Water,Stable,Stable Water,80,0,1,1,-1,1,1
1715,21,Water,Stable,Stable Water,80,0,1,1,-1,1,1
1716,21,Water,Stable,Stable Water,80,0,1,1,-1,1,1
1717,21,Water,Stable,Stable Water,80,0,1,1,-1,1,1
1718,21,Water,Stable,Stable Water,80,0,1,1,-1,1,1
1719,21,Water,Stable,Stable Water,80,0,1,1,-1,1,1
1720,21,Water,Stable,Stable Water,80,0,1,1,-1,1,1
1721,21,Water,Stable,Stable Water,80,0,1,1,-1,1,1
1722,21,Water,Stable,Stable Water,80,0,1,1,-1,1,1
1723,21,Water,Stable,Stable Water,80,0,1,1,-1,1,1
1724,21,Water,Stable,Stable Water,80,0,1,1,-1,1,1
1725,21,Water,Stable,Stable Water,80,0,1,1,-1,1,1
1726,21,Water,Stable,Stable Water,80,0,1,1,-1,1,1
1727,21,Water,Stable,Stable Water,80,0,1,1,-1,1,1
1728,21,Water,Stable,Stable Water,80,0,1,1,-1,1,1
1729,21,Water,Stable,Stable Water,80,0,1,1,-1,1,1
1730,21,Water,Stable,Stable Water,80,0,1,1,-1,1,1
1731,21,Water,Stable,Stable Water,80,0,1,1,-1,1,1
1732,21,Water,Stable,Stable Water,80,0,1,1,-1,1,1
1733,21,Water,Stable,Stable Water,80,0,1,1,-1,1,1
1734,21,Water,Stable,Stable Water,80,0,1,1,-1,1,1
1735,21,Water,Stable,Stable Water,80,0,1,1,-1,1,1
1736,21,Water,Stable,Stable Water,80,0,1,1,-1,1,1
1737,21,Water,Stable,Stable Water,80,0,1,1,-1,1,1
1738,21,Water,Stable,Stable Water,80,0,1,1,-1,1,1
1739,21,Water,Stable,Stable Water,80,0,1,1,-1,1,1
1740,21,Water,Stable,Stable Water,80,0,1,1,-1,1,1
1741,21,Water,Stable,Stable Water,80,0,1,1,-1,1,1
1742,21,Water,Stable,Stable Water,80,0,1,1,-1,1,1
1743,21,Water,Stable,Stable Water,80,0,1,1,-1,1,1
1744,21,Water,Stable,Stable Water,80,0,1,1,-1,1,1
1745,21,Water,Stable,Stable Water,80,0,1,1,-1,1,1
1746,21,Water,Stable,Stable Water,80,0,1,1,-1,1,1
1747,21,Water,Stable,Stable Water,80,0,1,1,-1,1,1
1748,21,Water,Stable,Stable Water,80,0,1,1,-1,1,1
1749,21,Water,Stable,Stable Water,80,0,1,1,-1,1,1
1750,21,Water,Stable,Stable Water,80,0,1,1,-1,1,1
1751,21,Water,Stable,Stable Water,80,0,1,1,-1,1,1
1752,21,Water,Stable,Stable Water,80,0,1,1,-1,1,1
1753,21,Water,Stable,Stable Water,80,0,1,1,-1,1,1
1754,21,Water,Stable,Stable Water,80,0,1,1,-1,1,1
1755,21,Water,Stable,Stable Water,80,0,1,1,-1,1,1
1756,21,Water,Stable,Stable Water,80,0,1,1,-1,1,1
1757,21,Water,Stable,Stable Water,80,0,1,1,-1,1,1
1758,21,Water,Stable,Stable Water,80,0,1,1,-1,1,1
1759,21,Water,Stable,Stable Water,80,0,1,1,-1,1,1
1760,21,Water,Stable,Stable Water,80,0,1,1,-1,1,1
1761,21,Water,Stable,Stable Water,80,0,1,1,-1,1,1
1762,21,Water,Stable,Stable Water,80,0,1,1,-1,1,1
1763,21,Water,Stable,Stable Water,80,0,1,1,-1,1,1
1764,21,Water,Stable,Stable Water,80,0,1,1,-1,1,1
1765,21,Water,Stable,Stable Water,80,0,1,1,-1,1,1
1766,21,Water,Stable,Stable Water,80,0,1,1,-1,1,1
1767,21,Water,Stable,Stable Water,80,0,1,1,-1,1,1
1768,21,Water,Stable,Stable Water,80,0,1,1,-1,1,1
1769,21,Water,Stable,Stable Water,80,0,1,1,-1,1,1
1770,21,Water,Stable,Stable Water,80,0,1,1,-1,1,1
1771,21,Water,Stable,Stable Water,80,0,1,1,-1,1,1
1772,21,Water,Stable,Stable Water,80,0,1,1,-1,1,1
1773,21,Water,Stable,Stable Water,80,0,1,1,-1,1,1
1774,21,Water,Stable,Stable Water,80,0,1,1,-1,1,1
1775,21,Water,Stable,Stable Water,80,0,1,1,-1,1,1
1776,21,Water,Stable,Stable Water,80,0,1,1,-1,1,1
1777,21,Water,Stable,Stable Water,80,0,1,1,-1,1,1
1778,21,Water,Stable,Stable Water,80,0,1,1,-1,1,1
1779,21,Water,Stable,Stable Water,80,0,1,1,-1,1,1
1780,21,Water,Stable,Stable Water,80,0,1,1,-1,1,1
1781,21,Water,Stable,Stable Water,80,0,1,1,-1,1,1
1782,21,Water,Stable,Stable Water,80,0,1,1,-1,1,1
1783,21,Water,Stable,Stable Water,80,0,1,1,-1,1,1
1784,21,Water,Stable,Stable Water,80,0,1,1,-1,1,1
1785,21,Water,Stable,Stable Water,80,0,1,1,-1,1,1
1786,21,Water,Stable,Stable Water,80,0,1,1,-1,1,1
1787,21,Water,Stable,Stable Water,80,0,1,1,-1,1,1
1788,21,Water,Stable,Stable Water,80,0,1,1,-1,1,1
1789,21,Water,Stable,Stable Water,80,0,1,1,-1,1,1
1790,21,Water,Stable,Stable Water,80,0,1,1,-1,1,1
1791,21,Water,Stable,Stable Water,80,0,1,1,-1,1,1
1792,21,Water,Stable,Stable Water,80,0,1,1,-1,1,1
1793,21,Water,Stable,Stable Water,80,0,1,1,-1,1,1
1794,21,Water,Stable,Stable Water,80,0,1,1,-1,1,1
1795,21,Water,Stable,Stable Water,80,0,1,1,-1,1,1
1796,21,Water,Stable,Stable Water,80,0,1,1,-1,1,1
1797,21,Water,Stable,Stable Water,80,0,1,1,-1,1,1
1798,21,Water,Stable,Stable Water,80,0,1,1,-1,1,1
1799,21,Water,Stable,Stable Water,80,0,1,1,-1,1,1
1800,21,Water,Stable,Stable Water,80,0,1,1,-1,1,1
1801,21,Water,Stable,Stable Water,80,0,1,1,-1,1,1
1802,21,Water,Stable,Stable Water,80,0,1,1,-1,1,1
1803,21,Water,Stable,Stable Water,80,0,1,1,-1,1,1
1804,21,Water,Stable,Stable Water,80,0,1,1,-1,1,1
1805,21,Water,Stable,Stable Water,80,0,1,1,-1,1,1
1806,21,Water,Stable,Stable Water,80,0,1,1,-1,1,1
1807,21,Water,Stable,Stable Water,80,0,1,1,-1,1,1
1808,21,Water,Stable,Stable Water,80,0,1,1,-1,1,1
1809,21,Water,Stable,Stable Water,80,0,1,1,-1,1,1
1810,21,Water,Stable,Stable Water,80,0,1,1,-1,1,1
1811,21,Water,Stable,Stable Water,80,0,1,1,-1,1,1
1812,21,Water,Stable,Stable Water,80,0,1,1,-1,1,1
1813,21,Water,Stable,Stable Water,80,0,1,1,-1,1,1
1814,21,Water,Stable,Stable Water,80,0,1,1,-1,1,1
1815,21,Water,Stable,Stable Water,80,0,1,1,-1,1,1
1816,21,Water,Stable,Stable Water,80,0,1,1,-1,1,1
1817,21,Water,Stable,Stable Water,80,0,1,1,-1,1,1
1818,21,Water,Stable,Stable Water,80,0,1,1,-1,1,1
1819,21,Water,Stable,Stable Water,80,0,1,1,-1,1,1
1820,21,Water,Stable,Stable Water,80,0,1,1,-1,1,1
1821,21,Water,Stable,Stable Water,80,0,1,1,-1,1,1
1822,21,Water,Stable,Stable Water,80,0,1,1,-1,1,1
1823,21,Water,Stable,Stable Water,80,0,1,1,-1,1,1
1824,21,Water,Stable,Stable Water,80,0,1,1,-1,1,1
1825,21,Water,Stable,Stable Water,80,0,1,1,-1,1,1
1826,21,Water,Stable,Stable Water,80,0,1,1,-1,1,1
1827,21,Water,Stable,Stable Water,80,0,1,1,-1,1,1
1828,21,Water,Stable,Stable Water,80,0,1,1,-1,1,1
1829,21,Water,Stable,Stable Water,80,0,1,1,-1,1,1
1830,21,Water,Stable,Stable Water,80,0,1,1,-1,1,1
1831,21,Water,Stable,Stable Water,80,0,1,1,-1,1,1
1832,21,Water,Stable,Stable Water,80,0,1,1,-1,1,1
1833,21,Water,Stable,Stable Water,80,0,1,1,-1,1,1
1834,21,Water,Stable,Stable Water,80,0,1,1,-1,1,1
1835,21,Water,Stable,Stable Water,80,0,1,1,-1,1,1
1836,21,Water,Stable,Stable Water,80,0,1,1,-1,1,1
1837,21,Water,Stable,Stable Water,80,0,1,1,-1,1,1
1838,21,Water,Stable,Stable Water,80,0,1,1,-1,1,1
1839,21,Water,Stable,Stable Water,80,0,1,1,-1,1,1
1840,21,Water,Stable,Stable Water,80,0,1,1,-1,1,1
1841,21,Water,Stable,Stable Water,80,0,1,1,-1,1,1
1842,21,Water,Stable,Stable Water,80,0,1,1,-1,1,1
1843,21,Water,Stable,Stable Water,80,0,1,1,-1,1,1
1844,21,Water,Stable,Stable Water,80,0,1,1,-1,1,1
1845,21,Water,Stable,Stable Water,80,0,1,1,-1,1,1
1846,21,Water,Stable,Stable Water,80,0,1,1,-1,1,1
1847,21,Water,Stable,Stable Water,80,0,1,1,-1,1,1
1848,21,Water,Stable,Stable Water,80,0,1,1,-1,1,1
1849,21,Water,Stable,Stable Water,80,0,1,1,-1,1,1
1850,21,Water,Stable,Stable Water,80,0,1,1,-1,1,1
1851,21,Water,Stable,Stable Water,80,0,1,1,-1,1,1
1852,21,Water,Stable,Stable Water,80,0,1,1,-1,1,1
1853,21,Water,Stable,Stable Water,80,0,1,1,-1,1,1
1854,21,Water,Stable,Stable Water,80,0,1,1,-1,1,1
1855,21,Water,Stable,Stable Water,80,0,1,1,-1,1,1
1856,21,Water,Stable,Stable Water,80,0,1,1,-1,1,1
1857,21,Water,Stable,Stable Water,80,0,1,1,-1,1,1
1858,21,Water,Stable,Stable Water,80,0,1,1,-1,1,1
1859,21,Water,Stable,Stable Water,80,0,1,1,-1,1,1
1860,21,Water,Stable,Stable Water,80,0,1,1,-1,1,1
1861,21,Water,Stable,Stable Water,80,0,1,1,-1,1,1
1862,21,Water,Stable,Stable Water,80,0,1,1,-1,1,1
1863,21,Water,Stable,Stable Water,80,0,1,1,-1,1,1
1864,21,Water,Stable,Stable Water,80,0,1,1,-1,1,1
1865,21,Water,Stable,Stable Water,80,0,1,1,-1,1,1
1866,21,Water,Stable,Stable Water,80,0,1,1,-1,1,1
1867,21,Water,Stable,Stable Water,80,0,1,1,-1,1,1
1868,21,Water,Stable,Stable Water,80,0,1,1,-1,1,1
1869,21,Water,Stable,Stable Water,80,0,1,1,-1,1,1
1870,21,Water,Stable,Stable Water,80,0,1,1,-1,1,1
1871,21,Water,Stable,Stable Water,80,0,1,1,-1,1,1
1872,21,Water,Stable,Stable Water,80,0,1,1,-1,1,1
1873,21,Water,Stable,Stable Water,80,0,1,1,-1,1,1
1874,21,Water,Stable,Stable Water,80,0,1,1,-1,1,1
1875,21,Water,Stable,Stable Water,80,0,1,1,-1,1,1
1876,21,Water,Stable,Stable Water,80,0,1,1,-1,1,1
1877,21,Water,Stable,Stable Water,80,0,1,1,-1,1,1
1878,21,Water,Stable,Stable Water,80,0,1,1,-1,1,1
1879,21,Water,Stable,Stable Water,78.57,0,1,1,-1,1,1
1880,21,Water,Stable,Stable Water,78.57,0,1,1,-1,1,1
1881,21,Water,Stable,Stable Water,78.57,0,1,1,-1,1,1
1882,21,Water,Stable,Stable Water,78.57,0,1,1,-1,1,1
1883,21,Water,Stable,Stable Water,78.612,-0.420000000000002,1,1,-1,1,1
1884,21,Water,Stable,Stable Water,78.57,0,1,1,-1,1,1
1885,21,Water,Stable,Stable Water,78.57,0,1,1,-1,1,1
1886,21,Water,Stable,Stable Water,78.57,0,1,1,-1,1,1
1887,21,Water,Stable,Stable Water,78.57,0,1,1,-1,1,1
1888,21,Water,Stable,Stable Water,78.57,0,1,1,-1,1,1
1889,21,Water,Stable,Stable Water,78.57,0,1,1,-1,1,1
1890,21,Water,Stable,Stable Water,78.57,0,1,1,-1,1,1
1891,21,Water,Stable,Stable Water,78.57,0,1,1,-1,1,1
1892,21,Water,Stable,Stable Water,78.57,0,1,1,-1,1,1
1893,21,Water,Stable,Stable Water,78.57,0,1,1,-1,1,1
1894,21,Water,Stable,Stable Water,78.57,0,1,1,-1,1,1
1895,21,Water,Stable,Stable Water,78.612,0,1,1,-1,1,1
1896,21,Water,Stable,Stable Water,78.57,0,1,1,-1,1,1
1897,21,Water,Stable,Stable Water,78.57,0,1,1,-1,1,1
1898,21,Water,Stable,Stable Water,78.57,0,1,1,-1,1,1
1899,21,Water,Stable,Stable Water,78.57,0,1,1,-1,1,1
1900,21,Water,Stable,Stable Water,78.57,0,1,1,-1,1,1
1901,21,Water,Stable,Stable Water,78.57,0,1,1,-1,1,1
1902,21,Water,Stable,Stable Water,78.57,0,1,1,-1,1,1
1903,21,Water,Stable,Stable Water,78.57,0,1,1,-1,1,1
1904,21,Water,Stable,Stable Water,78.57,0,1,1,-1,1,1
1905,21,Water,Stable,Stable Water,78.612,0,1,1,-1,1,1
1906,21,Water,Stable,Stable Water,78.57,0,1,1,-1,1,1
1907,21,Water,Stable,Stable Water,78.57,0,1,1,-1,1,1
1908,21,Water,Stable,Stable Water,78.612,0,1,1,-1,1,1
1909,21,Water,Stable,Stable Water,78.57,0,1,1,-1,1,1
1910,21,Water,Stable,Stable Water,78.57,0,1,1,-1,1,1
1911,21,Water,Stable,Stable Water,78.57,0,1,1,-1,1,1
1912,21,Water,Stable,Stable Water,78.57,0,1,1,-1,1,1
1913,21,Water,Stable,Stable Water,78.57,0,1,1,-1,1,1
1914,21,Water,Stable,Stable Water,78.57,0,1,1,-1,1,1
1915,21,Water,Stable,Stable Water,78.57,0,1,1,-1,1,1
1916,21,Water,Stable,Stable Water,78.57,0,1,1,-1,1,1
1917,21,Water,Stable,Stable Water,78.57,0,1,1,-1,1,1
1918,21,Water,Stable,Stable Water,78.57,0,1,1,-1,1,1
1919,21,Water,Stable,Stable Water,78.57,0,1,1,-1,1,1
1920,21,Water,Stable,Stable Water,78.57,0,1,1,-1,1,1
1921,21,Water,Stable,Stable Water,78.57,0,1,1,-1,1,1
1922,21,Water,Stable,Stable Water,78.57,0,1,1,-1,1,1
1923,21,Water,Stable,Stable Water,78.57,0,1,1,-1,1,1
1924,21,Water,Stable,Stable Water,78.612,0,1,1,-1,1,1
1925,21,Water,Stable,Stable Water,78.654,-0.420000000000002,1,1,-1,1,1
1926,21,Water,Stable,Stable Water,78.57,0,1,1,-1,1,1
1927,21,Water,Stable,Stable Water,78.57,0,1,1,-1,1,1
1928,21,Water,Stable,Stable Water,78.57,0,1,1,-1,1,1
1929,21,Water,Stable,Stable Water,78.57,0,1,1,-1,1,1
1930,21,Water,Stable,Stable Water,78.57,0,1,1,-1,1,1
1931,21,Water,Stable,Stable Water,78.57,0,1,1,-1,1,1
1932,21,Water,Stable,Stable Water,78.57,0,1,1,-1,1,1
1933,21,Water,Stable,Stable Water,78.57,0,1,1,-1,1,1
1934,21,Water,Stable,Stable Water,78.57,0,1,1,-1,1,1
1935,21,Water,Stable,Stable Water,78.57,0,1,1,-1,1,1
1936,21,Water,Stable,Stable Water,78.612,0,1,1,-1,1,1
1937,21,Water,Stable,Stable Water,78.57,0,1,1,-1,1,1
1938,21,Water,Stable,Stable Water,78.57,0,1,1,-1,1,1
1939,21,Water,Stable,Stable Water,78.57,0,1,1,-1,1,1
1940,21,Water,Stable,Stable Water,78.57,0,1,1,-1,1,1
1941,21,Water,Stable,Stable Water,78.57,0,1,1,-1,1,1
1942,21,Water,Stable,Stable Water,78.57,0,1,1,-1,1,1
1943,21,Water,Stable,Stable Water,78.57,0,1,1,-1,1,1
1944,21,Water,Stable,Stable Water,78.57,0,1,1,-1,1,1
1945,21,Water,Stable,Stable Water,78.57,0,1,1,-1,1,1
1946,21,Water,Stable,Stable Water,78.57,0,1,1,-1,1,1
1947,21,Water,Stable,Stable Water,78.57,0,1,1,-1,1,1
1948,21,Water,Stable,Stable Water,78.57,0,1,1,-1,1,1
1949,21,Water,Stable,Stable Water,78.57,0,1,1,-1,1,1
1950,21,Water,Stable,Stable Water,78.57,0,1,1,-1,1,1
1951,21,Water,Stable,Stable Water,78.57,0,1,1,-1,1,1
1952,21,Water,Stable,Stable Water,78.57,0,1,1,-1,1,1
1953,21,Water,Stable,Stable Water,78.57,0,1,1,-1,1,1
1954,21,Water,Stable,Stable Water,78.57,0,1,1,-1,1,1
1955,21,Water,Stable,Stable Water,78.57,0,1,1,-1,1,1
1956,21,Water,Stable,Stable Water,78.57,0,1,1,-1,1,1
1957,21,Water,Stable,Stable Water,78.57,0,1,1,-1,1,1
1958,21,Water,Stable,Stable Water,78.57,0,1,1,-1,1,1
1959,21,Water,Stable,Stable Water,78.612,0,1,1,-1,1,1
1960,21,Water,Stable,Stable Water,78.57,0,1,1,-1,1,1
1961,21,Water,Stable,Stable Water,78.57,0,1,1,-1,1,1
1962,21,Water,Stable,Stable Water,78.57,0,1,1,-1,1,1
1963,21,Water,Stable,Stable Water,78.57,0,1,1,-1,1,1
1964,21,Water,Stable,Stable Water,78.57,0,1,1,-1,1,1
1965,21,Water,Stable,Stable Water,78.57,0,1,1,-1,1,1
1966,21,Water,Stable,Stable Water,78.57,0,1,1,-1,1,1
1967,21,Water,Stable,Stable Water,78.57,0,1,1,-1,1,1
1968,21,Water,Stable,Stable Water,78.57,0,1,1,-1,1,1
1969,21,Water,Stable,Stable Water,78.57,0,1,1,-1,1,1
1970,21,Water,Stable,Stable Water,78.57,0,1,1,-1,1,1
1971,21,Water,Stable,Stable Water,78.57,0,1,1,-1,1,1
1972,21,Water,Stable,Stable Water,78.57,0,1,1,-1,1,1
1973,21,Water,Stable,Stable Water,78.57,0,1,1,-1,1,1
1974,21,Water,Stable,Stable Water,78.57,0,1,1,-1,1,1
1975,21,Water,Stable,Stable Water,78.57,0,1,1,-1,1,1
1976,21,Water,Stable,Stable Water,78.57,0,1,1,-1,1,1
1977,21,Water,Stable,Stable Water,78.57,0,1,1,-1,1,1
1978,21,Water,Stable,Stable Water,78.57,0,1,1,-1,1,1
1979,21,Water,Stable,Stable Water,78.57,0,1,1,-1,1,1
1980,21,Water,Stable,Stable Water,78.57,0,1,1,-1,1,1
1981,21,Water,Stable,Stable Water,78.57,0,1,1,-1,1,1
1982,21,Water,Stable,Stable Water,78.57,0,1,1,-1,1,1
1983,21,Water,Stable,Stable Water,78.57,0,1,1,-1,1,1
1984,21,Water,Stable,Stable Water,78.612,-0.420000000000002,1,1,-1,1,1
1985,21,Water,Stable,Stable Water,78.57,0,1,1,-1,1,1
1986,21,Water,Stable,Stable Water,78.57,0,1,1,-1,1,1
1987,21,Water,Stable,Stable Water,78.57,0,1,1,-1,1,1
1988,21,Water,Stable,Stable Water,78.57,0,1,1,-1,1,1
1989,21,Water,Stable,Stable Water,78.57,0,1,1,-1,1,1
1990,21,Water,Stable,Stable Water,78.57,0,1,1,-1,1,1
1991,21,Water,Stable,Stable Water,78.57,0,1,1,-1,1,1
1992,21,Water,Stable,Stable Water,78.57,0,1,1,-1,1,1
1993,21,Water,Stable,Stable Water,78.57,0,1,1,-1,1,1
1994,21,Water,Stable,Stable Water,78.57,0,1,1,-1,1,1
1995,21,Water,Stable,Stable Water,78.57,0,1,1,-1,1,1
1996,21,Water,Stable,Stable Water,78.57,0,1,1,-1,1,1
1997,21,Water,Stable,Stable Water,78.57,0,1,1,-1,1,1
1998,21,Water,Stable,Stable Water,78.57,0,1,1,-1,1,1
1999,21,Water,Stable,Stable Water,78.57,0,1,1,-1,1,1
2000,21,Water,Stable,Stable Water,78.57,0,1,1,-1,1,1
2001,21,Water,Stable,Stable Water,78.612,0,1,1,-1,1,1
2002,21,Water,Stable,Stable Water,78.57,0,1,1,-1,1,1
2003,21,Water,Stable,Stable Water,78.57,0,1,1,-1,1,1
2004,21,Water,Stable,Stable Water,78.57,0,1,1,-1,1,1
2005,21,Water,Stable,Stable Water,78.57,0,1,1,-1,1,1
2006,21,Water,Stable,Stable Water,78.57,0,1,1,-1,1,1
2007,21,Water,Stable,Stable Water,78.57,0,1,1,-1,1,1
2008,21,Water,Stable,Stable Water,78.57,0,1,1,-1,1,1
2009,21,Water,Stable,Stable Water,78.57,0,1,1,-1,1,1
2010,21,Water,Stable,Stable Water,78.612,-0.420000000000002,1,1,-1,1,1
2011,21,Water,Stable,Stable Water,78.57,0,1,1,-1,1,1
2012,21,Water,Stable,Stable Water,78.612,-0.420000000000002,1,1,-1,1,1
2013,21,Water,Stable,Stable Water,78.57,0,1,1,-1,1,1
2014,21,Water,Stable,Stable Water,78.57,0,1,1,-1,1,1
2015,21,Water,Stable,Stable Water,78.57,0,1,1,-1,1,1
2016,21,Water,Stable,Stable Water,78.57,0,1,1,-1,1,1
2017,21,Water,Stable,Stable Water,78.57,0,1,1,-1,1,1
2018,21,Water,Stable,Stable Water,78.57,0,1,1,-1,1,1
2019,21,Water,Stable,Stable Water,78.57,0,1,1,-1,1,1
2020,21,Water,Stable,Stable Water,78.57,0,1,1,-1,1,1
2021,21,Water,Stable,Stable Water,78.57,0,1,1,-1,1,1
2022,21,Water,Stable,Stable Water,78.57,0,1,1,-1,1,1
2023,21,Water,Stable,Stable Water,78.57,0,1,1,-1,1,1
2024,21,Water,Stable,Stable Water,78.612,0,1,1,-1,1,1
2025,21,Water,Stable,Stable Water,78.57,0,1,1,-1,1,1
2026,21,Water,Stable,Stable Water,78.612,-0.420000000000002,1,1,-1,1,1
2027,21,Water,Stable,Stable Water,78.57,0,1,1,-1,1,1
2028,21,Water,Stable,Stable Water,78.57,0,1,1,-1,1,1
2029,21,Water,Stable,Stable Water,78.57,0,1,1,-1,1,1
2030,21,Water,Stable,Stable Water,78.57,0,1,1,-1,1,1
2031,21,Water,Stable,Stable Water,78.612,0,1,1,-1,1,1
2032,21,Water,Stable,Stable Water,78.57,0,1,1,-1,1,1
2033,21,Water,Stable,Stable Water,78.57,0,1,1,-1,1,1
2034,21,Water,Stable,Stable Water,78.57,0,1,1,-1,1,1
2035,21,Water,Stable,Stable Water,78.57,0,1,1,-1,1,1
2036,21,Water,Stable,Stable Water,78.57,0,1,1,-1,1,1
2037,21,Water,Stable,Stable Water,78.57,0,1,1,-1,1,1
2038,21,Water,Stable,Stable Water,78.57,0,1,1,-1,1,1
2039,21,Water,Stable,Stable Water,78.57,0,1,1,-1,1,1
2040,21,Water,Stable,Stable Water,78.57,0,1,1,-1,1,1
2041,21,Water,Stable,Stable Water,78.612,-0.420000000000002,1,1,-1,1,1
2042,21,Water,Stable,Stable Water,78.57,0,1,1,-1,1,1
2043,21,Water,Stable,Stable Water,78.57,0,1,1,-1,1,1
2044,21,Water,Stable,Stable Water,78.57,0,1,1,-1,1,1
2045,21,Water,Stable,Stable Water,78.57,0,1,1,-1,1,1
2046,21,Water,Stable,Stable Water,78.57,0,1,1,-1,1,1
2047,21,Water,Stable,Stable Water,78.57,0,1,1,-1,1,1
2048,21,Water,Stable,Stable Water,78.57,0,1,1,-1,1,1
2049,21,Water,Stable,Stable Water,78.57,0,1,1,-1,1,1
2050,21,Water,Stable,Stable Water,78.612,0,1,1,-1,1,1
2051,21,Water,Stable,Stable Water,78.57,0,1,1,-1,1,1
2052,21,Water,Stable,Stable Water,78.57,0,1,1,-1,1,1
2053,21,Water,Stable,Stable Water,78.57,0,1,1,-1,1,1
2054,21,Water,Stable,Stable Water,78.57,0,1,1,-1,1,1
2055,21,Water,Stable,Stable Water,78.57,0,1,1,-1,1,1
2056,21,Water,Stable,Stable Water,78.57,0,1,1,-1,1,1
2057,21,Water,Stable,Stable Water,78.57,0,1,1,-1,1,1
2058,21,Water,Stable,Stable Water,78.612,-0.420000000000002,1,1,-1,1,1
2059,21,Water,Stable,Stable Water,78.57,0,1,1,-1,1,1
2060,21,Water,Stable,Stable Water,78.57,0,1,1,-1,1,1
2061,21,Water,Stable,Stable Water,78.57,0,1,1,-1,1,1
2062,21,Water,Stable,Stable Water,78.57,0,1,1,-1,1,1
2063,21,Water,Stable,Stable Water,78.57,0,1,1,-1,1,1
2064,21,Water,Stable,Stable Water,78.57,0,1,1,-1,1,1
2065,21,Water,Stable,Stable Water,78.57,0,1,1,-1,1,1
2066,21,Water,Stable,Stable Water,78.57,0,1,1,-1,1,1
2067,21,Water,Stable,Stable Water,78.57,0,1,1,-1,1,1
2068,21,Water,Stable,Stable Water,78.57,0,1,1,-1,1,1
2069,21,Water,Stable,Stable Water,78.612,0,1,1,-1,1,1
2070,21,Water,Stable,Stable Water,78.57,0,1,1,-1,1,1
2071,21,Water,Stable,Stable Water,78.57,0,1,1,-1,1,1
2072,21,Water,Stable,Stable Water,78.57,0,1,1,-1,1,1
2073,21,Water,Stable,Stable Water,78.57,0,1,1,-1,1,1
2074,21,Water,Stable,Stable Water,78.57,0,1,1,-1,1,1
2075,21,Water,Stable,Stable Water,78.57,0,1,1,-1,1,1
2076,21,Water,Stable,Stable Water,78.57,0,1,1,-1,1,1
2077,21,Water,Stable,Stable Water,78.57,0,1,1,-1,1,1
2078,21,Water,Stable,Stable Water,78.57,0,1,1,-1,1,1
2079,21,Water,Stable,Stable Water,81.06,0,1,1,-1,1,1
2080,21,Water,Stable,Stable Water,81.06,0,1,1,-1,1,1
2081,21,Water,Stable,Stable Water,81.016,-0.439999999999998,1,1,-1,1,1
2082,21,Water,Stable,Stable Water,80.928,0,1,1,-1,1,1
2083,21,Water,Stable,Stable Water,80.928,-0.439999999999998,1,1,-1,1,1
2084,21,Water,Stable,Stable Water,81.016,0.439999999999998,1,1,1,1,1
2085,21,Water,Stable,Stable Water,81.06,0,1,1,-1,1,1
2086,21,Water,Stable,Stable Water,81.06,0,1,1,-1,1,1
2087,21,Water,Stable,Stable Water,81.016,0,1,1,-1,1,1
2088,21,Water,Stable,Stable Water,80.972,0,1,1,-1,1,1
2089,21,Water,Stable,Stable Water,81.016,0,1,1,-1,1,1
2090,21,Water,Stable,Stable Water,81.06,0,1,1,-1,1,1
2091,21,Water,Stable,Stable Water,81.016,0,1,1,-1,1,1
2092,21,Water,Stable,Stable Water,81.06,0,1,1,-1,1,1
2093,21,Water,Stable,Stable Water,81.06,0,1,1,-1,1,1
2094,21,Water,Stable,Stable Water,81.06,0,1,1,-1,1,1
2095,21,Water,Stable,Stable Water,81.016,0,1,1,-1,1,1
2096,21,Water,Stable,Stable Water,81.06,0,1,1,-1,1,1
2097,21,Water,Stable,Stable Water,81.016,0,1,1,-1,1,1
2098,21,Water,Stable,Stable Water,81.016,0,1,1,-1,1,1
2099,21,Water,Stable,Stable Water,81.06,0,1,1,-1,1,1
2100,21,Water,Stable,Stable Water,81.06,0,1,1,-1,1,1
2101,21,Water,Stable,Stable Water,81.06,0,1,1,-1,1,1
2102,21,Water,Stable,Stable Water,81.06,0,1,1,-1,1,1
2103,21,Water,Stable,Stable Water,81.06,0,1,1,-1,1,1
2104,21,Water,Stable,Stable Water,81.06,0,1,1,-1,1,1
2105,21,Water,Stable,Stable Water,81.016,0,1,1,-1,1,1
2106,21,Water,Stable,Stable Water,81.016,0,1,1,-1,1,1
2107,21,Water,Stable,Stable Water,81.06,0,1,1,-1,1,1
2108,21,Water,Stable,Stable Water,81.016,-0.439999999999998,1,1,-1,1,1
2109,21,Water,Stable,Stable Water,81.06,0,1,1,-1,1,1
2110,21,Water,Stable,Stable Water,81.016,0,1,1,-1,1,1
2111,21,Water,Stable,Stable Water,81.06,0,1,1,-1,1,1
2112,21,Water,Stable,Stable Water,81.06,0,1,1,-1,1,1
2113,21,Water,Stable,Stable Water,81.06,0,1,1,-1,1,1
2114,21,Water,Stable,Stable Water,81.06,0,1,1,-1,1,1
2115,21,Water,Stable,Stable Water,81.06,0,1,1,-1,1,1
2116,21,Water,Stable,Stable Water,81.06,0,1,1,-1,1,1
2117,21,Water,Stable,Stable Water,81.016,0,1,1,-1,1,1
2118,21,Water,Stable,Stable Water,81.016,0,1,1,-1,1,1
2119,21,Water,Stable,Stable Water,81.06,0,1,1,-1,1,1
2120,21,Water,Stable,Stable Water,81.016,0,1,1,-1,1,1
2121,21,Water,Stable,Stable Water,81.016,0,1,1,-1,1,1
2122,21,Water,Stable,Stable Water,81.06,0,1,1,-1,1,1
2123,21,Water,Stable,Stable Water,81.06,0,1,1,-1,1,1
2124,21,Water,Stable,Stable Water,81.06,0,1,1,-1,1,1
2125,21,Water,Stable,Stable Water,81.06,0,1,1,-1,1,1
2126,21,Water,Stable,Stable Water,81.06,0,1,1,-1,1,1
2127,21,Water,Stable,Stable Water,81.06,0,1,1,-1,1,1
2128,21,Water,Stable,Stable Water,81.016,0,1,1,-1,1,1
2129,21,Water,Stable,Stable Water,81.06,0,1,1,-1,1,1
2130,21,Water,Stable,Stable Water,81.016,-0.439999999999998,1,1,-1,1,1
2131,21,Water,Stable,Stable Water,81.06,0,1,1,-1,1,1
2132,21,Water,Stable,Stable Water,81.06,0,1,1,-1,1,1
2133,21,Water,Stable,Stable Water,81.016,0,1,1,-1,1,1
2134,21,Water,Stable,Stable Water,81.06,0,1,1,-1,1,1
2135,21,Water,Stable,Stable Water,81.016,0,1,1,-1,1,1
2136,21,Water,Stable,Stable Water,81.06,0,1,1,-1,1,1
2137,21,Water,Stable,Stable Water,81.016,0,1,1,-1,1,1
2138,21,Water,Stable,Stable Water,81.016,-0.439999999999998,1,1,-1,1,1
2139,21,Water,Stable,Stable Water,81.06,0,1,1,-1,1,1
2140,21,Water,Stable,Stable Water,81.016,0,1,1,-1,1,1
2141,21,Water,Stable,Stable Water,81.06,0,1,1,-1,1,1
2142,21,Water,Stable,Stable Water,81.06,0,1,1,-1,1,1
2143,21,Water,Stable,Stable Water,81.06,0,1,1,-1,1,1
2144,21,Water,Stable,Stable Water,81.06,0,1,1,-1,1,1
2145,21,Water,Stable,Stable Water,81.016,0,1,1,-1,1,1
2146,21,Water,Stable,Stable Water,81.06,0,1,1,-1,1,1
2147,21,Water,Stable,Stable Water,81.06,0,1,1,-1,1,1
2148,21,Water,Stable,Stable Water,81.06,0,1,1,-1,1,1
2149,21,Water,Stable,Stable Water,81.06,0,1,1,-1,1,1
2150,21,Water,Stable,Stable Water,81.06,0,1,1,-1,1,1
2151,21,Water,Stable,Stable Water,81.06,0,1,1,-1,1,1
2152,21,Water,Stable,Stable Water,81.06,0,1,1,-1,1,1
2153,21,Water,Stable,Stable Water,81.06,0,1,1,-1,1,1
2154,21,Water,Stable,Stable Water,81.06,0,1,1,-1,1,1
2155,21,Water,Stable,Stable Water,81.06,0,1,1,-1,1,1
2156,21,Water,Stable,Stable Water,81.06,0,1,1,-1,1,1
2157,21,Water,Stable,Stable Water,81.06,0,1,1,-1,1,1
2158,21,Water,Stable,Stable Water,80.972,0,1,1,-1,1,1
2159,21,Water,Stable,Stable Water,81.06,0,1,1,-1,1,1
2160,21,Water,Stable,Stable Water,81.06,0,1,1,-1,1,1
2161,21,Water,Stable,Stable Water,81.06,0,1,1,-1,1,1
2162,21,Water,Stable,Stable Water,81.06,0,1,1,-1,1,1
2163,21,Water,Stable,Stable Water,81.06,0,1,1,-1,1,1
2164,21,Water,Stable,Stable Water,81.06,0,1,1,-1,1,1
2165,21,Water,Stable,Stable Water,81.06,0,1,1,-1,1,1
2166,21,Water,Stable,Stable Water,81.06,0,1,1,-1,1,1
2167,21,Water,Stable,Stable Water,81.06,0,1,1,-1,1,1
2168,21,Water,Stable,Stable Water,81.06,0,1,1,-1,1,1
2169,21,Water,Stable,Stable Water,81.06,0,1,1,-1,1,1
2170,21,Water,Stable,Stable Water,81.06,0,1,1,-1,1,1
2171,21,Water,Stable,Stable Water,81.06,0,1,1,-1,1,1
2172,21,Water,Stable,Stable Water,81.06,0,1,1,-1,1,1
2173,21,Water,Stable,Stable Water,81.06,0,1,1,-1,1,1
2174,21,Water,Stable,Stable Water,81.016,0.439999999999998,1,1,1,1,1
2175,21,Water,Stable,Stable Water,81.06,0,1,1,-1,1,1
2176,21,Water,Stable,Stable Water,81.06,0,1,1,-1,1,1
2177,21,Water,Stable,Stable Water,81.06,0,1,1,-1,1,1
2178,21,Water,Stable,Stable Water,81.06,0,1,1,-1,1,1
2179,21,Water,Stable,Stable Water,81.06,0,1,1,-1,1,1
2180,21,Water,Stable,Stable Water,81.06,0,1,1,-1,1,1
2181,21,Water,Stable,Stable Water,81.06,0,1,1,-1,1,1
2182,21,Water,Stable,Stable Water,81.06,0,1,1,-1,1,1
2183,21,Water,Stable,Stable Water,81.06,0,1,1,-1,1,1
2184,21,Water,Stable,Stable Water,81.06,0,1,1,-1,1,1
2185,21,Water,Stable,Stable Water,81.06,0,1,1,-1,1,1
2186,21,Water,Stable,Stable Water,81.016,0,1,1,-1,1,1
2187,21,Water,Stable,Stable Water,81.06,0,1,1,-1,1,1
2188,21,Water,Stable,Stable Water,81.06,0,1,1,-1,1,1
2189,21,Water,Stable,Stable Water,81.06,0,1,1,-1,1,1
2190,21,Water,Stable,Stable Water,81.06,0,1,1,-1,1,1
2191,21,Water,Stable,Stable Water,81.06,0,1,1,-1,1,1
2192,21,Water,Stable,Stable Water,81.06,0,1,1,-1,1,1
2193,21,Water,Stable,Stable Water,81.06,0,1,1,-1,1,1
2194,21,Water,Stable,Stable Water,81.06,0,1,1,-1,1,1
2195,21,Water,Stable,Stable Water,81.06,0,1,1,-1,1,1
2196,21,Water,Stable,Stable Water,81.06,0,1,1,-1,1,1
2197,21,Water,Stable,Stable Water,81.016,0,1,1,-1,1,1
2198,21,Water,Stable,Stable Water,81.06,0,1,1,-1,1,1
2199,21,Water,Stable,Stable Water,81.016,0,1,1,-1,1,1
2200,21,Water,Stable,Stable Water,81.06,0,1,1,-1,1,1
2201,21,Water,Stable,Stable Water,81.016,0,1,1,-1,1,1
2202,21,Water,Stable,Stable Water,81.016,0,1,1,-1,1,1
2203,21,Water,Stable,Stable Water,81.06,0,1,1,-1,1,1
2204,21,Water,Stable,Stable Water,81.016,0,1,1,-1,1,1
2205,21,Water,Stable,Stable Water,81.06,0,1,1,-1,1,1
2206,21,Water,Stable,Stable Water,81.06,0,1,1,-1,1,1
2207,21,Water,Stable,Stable Water,81.06,0,1,1,-1,1,1
2208,21,Water,Stable,Stable Water,81.06,0,1,1,-1,1,1
2209,21,Water,Stable,Stable Water,81.016,0,1,1,-1,1,1
2210,21,Water,Stable,Stable Water,81.06,0,1,1,-1,1,1
2211,21,Water,Stable,Stable Water,81.06,0,1,1,-1,1,1
2212,21,Water,Stable,Stable Water,81.016,0,1,1,-1,1,1
2213,21,Water,Stable,Stable Water,81.016,0,1,1,-1,1,1
2214,21,Water,Stable,Stable Water,81.06,0,1,1,-1,1,1
2215,21,Water,Stable,Stable Water,81.06,0,1,1,-1,1,1
2216,21,Water,Stable,Stable Water,81.016,0,1,1,-1,1,1
2217,21,Water,Stable,Stable Water,81.06,0,1,1,-1,1,1
2218,21,Water,Stable,Stable Water,81.06,0,1,1,-1,1,1
2219,21,Water,Stable,Stable Water,81.016,0,1,1,-1,1,1
2220,21,Water,Stable,Stable Water,81.016,0,1,1,-1,1,1
2221,21,Water,Stable,Stable Water,81.06,0,1,1,-1,1,1
2222,21,Water,Stable,Stable Water,81.06,0,1,1,-1,1,1
2223,21,Water,Stable,Stable Water,81.06,0,1,1,-1,1,1
2224,21,Water,Stable,Stable Water,81.016,0,1,1,-1,1,1
2225,21,Water,Stable,Stable Water,81.06,0,1,1,-1,1,1
2226,21,Water,Stable,Stable Water,81.06,0,1,1,-1,1,1
2227,21,Water,Stable,Stable Water,81.06,0,1,1,-1,1,1
2228,21,Water,Stable,Stable Water,81.06,0,1,1,-1,1,1
2229,21,Water,Stable,Stable Water,81.016,0,1,1,-1,1,1
2230,21,Water,Stable,Stable Water,81.016,0,1,1,-1,1,1
2231,21,Water,Stable,Stable Water,81.06,0,1,1,-1,1,1
2232,21,Water,Stable,Stable Water,81.06,0,1,1,-1,1,1
2233,21,Water,Stable,Stable Water,81.06,0,1,1,-1,1,1
2234,21,Water,Stable,Stable Water,81.06,0,1,1,-1,1,1
2235,21,Water,Stable,Stable Water,80.972,0,1,1,-1,1,1
2236,21,Water,Stable,Stable Water,81.06,0,1,1,-1,1,1
2237,21,Water,Stable,Stable Water,81.06,0,1,1,-1,1,1
2238,21,Water,Stable,Stable Water,80.972,0,1,1,-1,1,1
2239,21,Water,Stable,Stable Water,81.06,0,1,1,-1,1,1
2240,21,Water,Stable,Stable Water,81.06,0,1,1,-1,1,1
2241,21,Water,Stable,Stable Water,81.06,0,1,1,-1,1,1
2242,21,Water,Stable,Stable Water,81.016,0,1,1,-1,1,1
2243,21,Water,Stable,Stable Water,81.06,0,1,1,-1,1,1
2244,21,Water,Stable,Stable Water,81.06,0,1,1,-1,1,1
2245,21,Water,Stable,Stable Water,81.06,0,1,1,-1,1,1
2246,21,Water,Stable,Stable Water,81.016,0,1,1,-1,1,1
2247,21,Water,Stable,Stable Water,81.06,0,1,1,-1,1,1
2248,21,Water,Stable,Stable Water,81.016,0,1,1,-1,1,1
2249,21,Water,Stable,Stable Water,81.016,0,1,1,-1,1,1
2250,21,Water,Stable,Stable Water,81.06,0,1,1,-1,1,1
2251,21,Water,Stable,Stable Water,81.06,0,1,1,-1,1,1
2252,21,Water,Stable,Stable Water,81.06,0,1,1,-1,1,1
2253,21,Water,Stable,Stable Water,81.06,0,1,1,-1,1,1
2254,21,Water,Stable,Stable Water,81.016,0,1,1,-1,1,1
2255,21,Water,Stable,Stable Water,81.06,0,1,1,-1,1,1
2256,21,Water,Stable,Stable Water,81.016,0,1,1,-1,1,1
2257,21,Water,Stable,Stable Water,81.016,0.439999999999998,1,1,1,1,1
2258,21,Water,Stable,Stable Water,81.016,-0.439999999999998,1,1,-1,1,1
2259,21,Water,Stable,Stable Water,81.016,0,1,1,-1,1,1
2260,21,Water,Stable,Stable Water,80.972,0,1,1,-1,1,1
2261,21,Water,Stable,Stable Water,81.06,0,1,1,-1,1,1
2262,21,Water,Stable,Stable Water,81.06,0,1,1,-1,1,1
2263,21,Water,Stable,Stable Water,81.06,0,1,1,-1,1,1
2264,21,Water,Stable,Stable Water,81.06,0,1,1,-1,1,1
2265,21,Water,Stable,Stable Water,81.06,0,1,1,-1,1,1
2266,21,Water,Stable,Stable Water,81.06,0,1,1,-1,1,1
2267,21,Water,Stable,Stable Water,81.06,0,1,1,-1,1,1
2268,21,Water,Stable,Stable Water,81.06,0,1,1,-1,1,1
2269,21,Water,Stable,Stable Water,81.06,0,1,1,-1,1,1
2270,21,Water,Stable,Stable Water,81.016,0.439999999999998,1,1,1,1,1
2271,21,Water,Stable,Stable Water,81.06,0,1,1,-1,1,1
2272,21,Water,Stable,Stable Water,81.06,0,1,1,-1,1,1
2273,21,Water,Stable,Stable Water,81.06,0,1,1,-1,1,1
2274,21,Water,Stable,Stable Water,81.06,0,1,1,-1,1,1
2275,21,Water,Stable,Stable Water,81.06,0,1,1,-1,1,1
2276,21,Water,Stable,Stable Water,81.06,0,1,1,-1,1,1
2277,21,Water,Stable,Stable Water,80.972,0.439999999999998,1,1,1,1,1
2278,21,Water,Stable,Stable Water,81.06,0,1,1,-1,1,1
2279,21,Water,Stable,Stable Water,84.21,0,1,1,-1,1,1
2280,21,Water,Stable,Stable Water,84.254,0,1,1,-1,1,1
2281,21,Water,Stable,Stable Water,84.254,0,1,1,-1,1,1
2282,21,Water,Stable,Stable Water,84.21,0,1,1,-1,1,1
2283,21,Water,Stable,Stable Water,84.298,0,1,1,-1,1,1
2284,21,Water,Stable,Stable Water,84.298,0,1,1,-1,1,1
2285,21,Water,Stable,Stable Water,84.254,0.440000000000012,1,1,1,1,1
2286,21,Water,Stable,Stable Water,84.21,0,1,1,-1,1,1
2287,21,Water,Stable,Stable Water,84.342,0.440000000000012,1,1,1,1,1
2288,21,Water,Stable,Stable Water,84.21,0,1,1,-1,1,1
2289,21,Water,Stable,Stable Water,84.254,0.440000000000012,1,1,1,1,1
2290,21,Water,Stable,Stable Water,84.386,0,1,1,-1,1,1
2291,21,Water,Stable,Stable Water,84.342,0.440000000000012,1,1,1,1,1
2292,21,Water,Stable,Stable Water,84.254,0,1,1,-1,1,1
2293,21,Water,Stable,Stable Water,84.254,0,1,1,-1,1,1
2294,21,Water,Stable,Stable Water,84.298,0.440000000000012,1,1,1,1,1
2295,21,Water,Stable,Stable Water,84.298,0,1,1,-1,1,1
2296,21,Water,Stable,Stable Water,84.342,0,1,1,-1,1,1
2297,21,Water,Stable,Stable Water,84.43,-0.440000000000012,1,1,-1,1,1
2298,21,Water,Stable,Stable Water,84.254,0,1,1,-1,1,1
2299,21,Water,Stable,Stable Water,84.342,0.440000000000012,1,1,1,1,1
2300,21,Water,Stable,Stable Water,84.21,0,1,1,-1,1,1
2301,21,Water,Stable,Stable Water,84.21,0,1,1,-1,1,1
2302,21,Water,Stable,Stable Water,84.298,-0.440000000000012,1,1,-1,1,1
2303,21,Water,Stable,Stable Water,84.342,0.440000000000012,1,1,1,1,1
2304,21,Water,Stable,Stable Water,84.342,-0.440000000000012,1,1,-1,1,1
2305,21,Water,Stable,Stable Water,84.298,-0.440000000000012,1,1,-1,1,1
2306,21,Water,Stable,Stable Water,84.298,0,1,1,-1,1,1
2307,21,Water,Stable,Stable Water,84.254,0,1,1,-1,1,1
2308,21,Water,Stable,Stable Water,84.298,0,1,1,-1,1,1
2309,21,Water,Stable,Stable Water,84.21,0,1,1,-1,1,1
2310,21,Water,Stable,Stable Water,84.21,0,1,1,-1,1,1
2311,21,Water,Stable,Stable Water,84.254,0,1,1,-1,1,1
2312,21,Water,Stable,Stable Water,84.342,-0.440000000000012,1,1,-1,1,1
2313,21,Water,Stable,Stable Water,84.298,0.440000000000012,1,1,1,1,1
2314,21,Water,Stable,Stable Water,84.298,-0.440000000000012,1,1,-1,1,1
2315,21,Water,Stable,Stable Water,84.21,0,1,1,-1,1,1
2316,21,Water,Stable,Stable Water,84.254,0,1,1,-1,1,1
2317,21,Water,Stable,Stable Water,84.298,0,1,1,-1,1,1
2318,21,Water,Stable,Stable Water,84.254,0,1,1,-1,1,1
2319,21,Water,Stable,Stable Water,84.254,0,1,1,-1,1,1
2320,21,Water,Stable,Stable Water,84.254,0,1,1,-1,1,1
2321,21,Water,Stable,Stable Water,84.21,0,1,1,-1,1,1
2322,21,Water,Stable,Stable Water,84.254,0,1,1,-1,1,1
2323,21,Water,Stable,Stable Water,84.298,0,1,1,-1,1,1
2324,21,Water,Stable,Stable Water,84.254,0,1,1,-1,1,1
2325,21,Water,Stable,Stable Water,84.254,-0.440000000000012,1,1,-1,1,1
2326,21,Water,Stable,Stable Water,84.298,0,1,1,-1,1,1
2327,21,Water,Stable,Stable Water,84.254,0,1,1,-1,1,1
2328,21,Water,Stable,Stable Water,84.21,0,1,1,-1,1,1
2329,21,Water,Stable,Stable Water,84.254,0,1,1,-1,1,1
2330,21,Water,Stable,Stable Water,84.254,0,1,1,-1,1,1
2331,21,Water,Stable,Stable Water,84.21,0,1,1,-1,1,1
2332,21,Water,Stable,Stable Water,84.21,0,1,1,-1,1,1
2333,21,Water,Stable,Stable Water,84.298,0,1,1,-1,1,1
2334,21,Water,Stable,Stable Water,84.342,0,1,1,-1,1,1
2335,21,Water,Stable,Stable Water,84.21,0,1,1,-1,1,1
2336,21,Water,Stable,Stable Water,84.298,0.440000000000012,1,1,1,1,1
2337,21,Water,Stable,Stable Water,84.254,0,1,1,-1,1,1
2338,21,Water,Stable,Stable Water,84.342,-0.440000000000012,1,1,-1,1,1
2339,21,Water,Stable,Stable Water,84.21,0,1,1,-1,1,1
2340,21,Water,Stable,Stable Water,84.21,0,1,1,-1,1,1
2341,21,Water,Stable,Stable Water,84.21,0,1,1,-1,1,1
2342,21,Water,Stable,Stable Water,84.21,0,1,1,-1,1,1
2343,21,Water,Stable,Stable Water,84.254,0,1,1,-1,1,1
2344,21,Water,Stable,Stable Water,84.21,0,1,1,-1,1,1
2345,21,Water,Stable,Stable Water,84.298,0,1,1,-1,1,1
2346,21,Water,Stable,Stable Water,84.254,0.440000000000012,1,1,1,1,1
2347,21,Water,Stable,Stable Water,84.21,0,1,1,-1,1,1
2348,21,Water,Stable,Stable Water,84.21,0,1,1,-1,1,1
2349,21,Water,Stable,Stable Water,84.254,-0.440000000000012,1,1,-1,1,1
2350,21,Water,Stable,Stable Water,84.254,-0.440000000000012,1,1,-1,1,1
2351,21,Water,Stable,Stable Water,84.254,0,1,1,-1,1,1
2352,21,Water,Stable,Stable Water,84.21,0,1,1,-1,1,1
2353,21,Water,Stable,Stable Water,84.298,0,1,1,-1,1,1
2354,21,Water,Stable,Stable Water,84.254,0,1,1,-1,1,1
2355,21,Water,Stable,Stable Water,84.254,0,1,1,-1,1,1
2356,21,Water,Stable,Stable Water,84.298,0,1,1,-1,1,1
2357,21,Water,Stable,Stable Water,84.254,0,1,1,-1,1,1
2358,21,Water,Stable,Stable Water,84.21,0,1,1,-1,1,1
2359,21,Water,Stable,Stable Water,84.21,0,1,1,-1,1,1
2360,21,Water,Stable,Stable Water,84.254,0,1,1,-1,1,1
2361,21,Water,Stable,Stable Water,84.254,0,1,1,-1,1,1
2362,21,Water,Stable,Stable Water,84.254,0,1,1,-1,1,1
2363,21,Water,Stable,Stable Water,84.21,0,1,1,-1,1,1
2364,21,Water,Stable,Stable Water,84.298,-0.440000000000012,1,1,-1,1,1
2365,21,Water,Stable,Stable Water,84.254,0,1,1,-1,1,1
2366,21,Water,Stable,Stable Water,84.21,0,1,1,-1,1,1
2367,21,Water,Stable,Stable Water,84.254,-0.440000000000012,1,1,-1,1,1
2368,21,Water,Stable,Stable Water,84.254,-0.440000000000012,1,1,-1,1,1
2369,21,Water,Stable,Stable Water,84.298,0,1,1,-1,1,1
2370,21,Water,Stable,Stable Water,84.254,0,1,1,-1,1,1
2371,21,Water,Stable,Stable Water,84.21,0,1,1,-1,1,1
2372,21,Water,Stable,Stable Water,84.254,0,1,1,-1,1,1
2373,21,Water,Stable,Stable Water,84.254,0,1,1,-1,1,1
2374,21,Water,Stable,Stable Water,84.298,0,1,1,-1,1,1
2375,21,Water,Stable,Stable Water,84.298,0,1,1,-1,1,1
2376,21,Water,Stable,Stable Water,84.298,0,1,1,-1,1,1
2377,21,Water,Stable,Stable Water,84.254,0,1,1,-1,1,1
2378,21,Water,Stable,Stable Water,84.298,-0.440000000000012,1,1,-1,1,1
2379,21,Water,Stable,Stable Water,84.254,0,1,1,-1,1,1
2380,21,Water,Stable,Stable Water,84.298,0,1,1,-1,1,1
2381,21,Water,Stable,Stable Water,84.21,0,1,1,-1,1,1
2382,21,Water,Stable,Stable Water,84.254,0,1,1,-1,1,1
2383,21,Water,Stable,Stable Water,84.254,0,1,1,-1,1,1
2384,21,Water,Stable,Stable Water,84.254,0,1,1,-1,1,1
2385,21,Water,Stable,Stable Water,84.342,0.440000000000012,1,1,1,1,1
2386,21,Water,Stable,Stable Water,84.298,0,1,1,-1,1,1
2387,21,Water,Stable,Stable Water,84.342,0,1,1,-1,1,1
2388,21,Water,Stable,Stable Water,84.254,-0.440000000000012,1,1,-1,1,1
2389,21,Water,Stable,Stable Water,84.21,0,1,1,-1,1,1
2390,21,Water,Stable,Stable Water,84.342,0,1,1,-1,1,1
2391,21,Water,Stable,Stable Water,84.298,0,1,1,-1,1,1
2392,21,Water,Stable,Stable Water,84.254,-0.440000000000012,1,1,-1,1,1
2393,21,Water,Stable,Stable Water,84.21,0,1,1,-1,1,1
2394,21,Water,Stable,Stable Water,84.21,0,1,1,-1,1,1
2395,21,Water,Stable,Stable Water,84.21,0,1,1,-1,1,1
2396,21,Water,Stable,Stable Water,84.342,0,1,1,-1,1,1
2397,21,Water,Stable,Stable Water,84.21,0,1,1,-1,1,1
2398,21,Water,Stable,Stable Water,84.254,0,1,1,-1,1,1
2399,21,Water,Stable,Stable Water,84.298,0,1,1,-1,1,1
2400,21,Water,Stable,Stable Water,84.298,0,1,1,-1,1,1
2401,21,Water,Stable,Stable Water,84.254,0,1,1,-1,1,1
2402,21,Water,Stable,Stable Water,84.254,0.440000000000012,1,1,1,1,1
2403,21,Water,Stable,Stable Water,84.342,0.440000000000012,1,1,1,1,1
2404,21,Water,Stable,Stable Water,84.298,0,1,1,-1,1,1
2405,21,Water,Stable,Stable Water,84.254,-0.440000000000012,1,1,-1,1,1
2406,21,Water,Stable,Stable Water,84.298,0.440000000000012,1,1,1,1,1
2407,21,Water,Stable,Stable Water,84.342,-0.440000000000012,1,1,-1,1,1
2408,21,Water,Stable,Stable Water,84.21,0,1,1,-1,1,1
2409,21,Water,Stable,Stable Water,84.342,0,1,1,-1,1,1
2410,21,Water,Stable,Stable Water,84.298,0.440000000000012,1,1,1,1,1
2411,21,Water,Stable,Stable Water,84.254,0,1,1,-1,1,1
2412,21,Water,Stable,Stable Water,84.21,0,1,1,-1,1,1
2413,21,Water,Stable,Stable Water,84.21,0,1,1,-1,1,1
2414,21,Water,Stable,Stable Water,84.386,0,1,1,-1,1,1
2415,21,Water,Stable,Stable Water,84.254,0,1,1,-1,1,1
2416,21,Water,Stable,Stable Water,84.21,0,1,1,-1,1,1
2417,21,Water,Stable,Stable Water,84.21,0,1,1,-1,1,1
2418,21,Water,Stable,Stable Water,84.254,0,1,1,-1,1,1
2419,21,Water,Stable,Stable Water,84.254,0,1,1,-1,1,1
2420,21,Water,Stable,Stable Water,84.342,0,1,1,-1,1,1
2421,21,Water,Stable,Stable Water,84.386,0,1,1,-1,1,1
2422,21,Water,Stable,Stable Water,84.21,0,1,1,-1,1,1
2423,21,Water,Stable,Stable Water,84.298,0.440000000000012,1,1,1,1,1
2424,21,Water,Stable,Stable Water,84.342,-0.440000000000012,1,1,-1,1,1
2425,21,Water,Stable,Stable Water,84.342,-0.440000000000012,1,1,-1,1,1
2426,21,Water,Stable,Stable Water,84.342,0,1,1,-1,1,1
2427,21,Water,Stable,Stable Water,84.342,0,1,1,-1,1,1
2428,21,Water,Stable,Stable Water,84.21,0,1,1,-1,1,1
2429,21,Water,Stable,Stable Water,84.298,0,1,1,-1,1,1
2430,21,Water,Stable,Stable Water,84.386,0,1,1,-1,1,1
2431,21,Water,Stable,Stable Water,84.21,0,1,1,-1,1,1
2432,21,Water,Stable,Stable Water,84.298,0,1,1,-1,1,1
2433,21,Water,Stable,Stable Water,84.298,0,1,1,-1,1,1
2434,21,Water,Stable,Stable Water,84.254,0,1,1,-1,1,1
2435,21,Water,Stable,Stable Water,84.342,0,1,1,-1,1,1
2436,21,Water,Stable,Stable Water,84.342,0.440000000000012,1,1,1,1,1
2437,21,Water,Stable,Stable Water,84.21,0,1,1,-1,1,1
2438,21,Water,Stable,Stable Water,84.298,0.440000000000012,1,1,1,1,1
2439,21,Water,Stable,Stable Water,84.254,0.440000000000012,1,1,1,1,1
2440,21,Water,Stable,Stable Water,84.342,0,1,1,-1,1,1
2441,21,Water,Stable,Stable Water,84.342,0,1,1,-1,1,1
2442,21,Water,Stable,Stable Water,84.298,0,1,1,-1,1,1
2443,21,Water,Stable,Stable Water,84.298,0,1,1,-1,1,1
2444,21,Water,Stable,Stable Water,84.254,0,1,1,-1,1,1
2445,21,Water,Stable,Stable Water,84.386,0,1,1,-1,1,1
2446,21,Water,Stable,Stable Water,84.298,0,1,1,-1,1,1
2447,21,Water,Stable,Stable Water,84.386,-0.440000000000012,1,1,-1,1,1
2448,21,Water,Stable,Stable Water,84.298,0,1,1,-1,1,1
2449,21,Water,Stable,Stable Water,84.21,0,1,1,-1,1,1
2450,21,Water,Stable,Stable Water,84.254,0,1,1,-1,1,1
2451,21,Water,Stable,Stable Water,84.254,0,1,1,-1,1,1
2452,21,Water,Stable,Stable Water,84.298,0,1,1,-1,1,1
2453,21,Water,Stable,Stable Water,84.342,0,1,1,-1,1,1
2454,21,Water,Stable,Stable Water,84.298,0,1,1,-1,1,1
2455,21,Water,Stable,Stable Water,84.254,0,1,1,-1,1,1
2456,21,Water,Stable,Stable Water,84.21,0,1,1,-1,1,1
2457,21,Water,Stable,Stable Water,84.342,-0.440000000000012,1,1,-1,1,1
2458,21,Water,Stable,Stable Water,84.342,-0.440000000000012,1,1,-1,1,1
2459,21,Water,Stable,Stable Water,84.386,-0.440000000000012,1,1,-1,1,1
2460,21,Water,Stable,Stable Water,84.254,0,1,1,-1,1,1
2461,21,Water,Stable,Stable Water,84.254,0,1,1,-1,1,1
2462,21,Water,Stable,Stable Water,84.254,0,1,1,-1,1,1
2463,21,Water,Stable,Stable Water,84.254,0,1,1,-1,1,1
2464,21,Water,Stable,Stable Water,84.254,0.440000000000012,1,1,1,1,1
2465,21,Water,Stable,Stable Water,84.254,0,1,1,-1,1,1
2466,21,Water,Stable,Stable Water,84.298,0,1,1,-1,1,1
2467,21,Water,Stable,Stable Water,84.298,-0.440000000000012,1,1,-1,1,1
2468,21,Water,Stable,Stable Water,84.21,0,1,1,-1,1,1
2469,21,Water,Stable,Stable Water,84.298,0,1,1,-1,1,1
2470,21,Water,Stable,Stable Water,84.342,-0.440000000000012,1,1,-1,1,1
2471,21,Water,Stable,Stable Water,84.254,0,1,1,-1,1,1
2472,21,Water,Stable,Stable Water,84.21,0,1,1,-1,1,1
2473,21,Water,Stable,Stable Water,84.21,0,1,1,-1,1,1
2474,21,Water,Stable,Stable Water,84.254,0,1,1,-1,1,1
2475,21,Water,Stable,Stable Water,84.342,0.440000000000012,1,1,1,1,1
2476,21,Water,Stable,Stable Water,84.298,0,1,1,-1,1,1
2477,21,Water,Stable,Stable Water,84.21,0,1,1,-1,1,1
2478,21,Water,Stable,Stable Water,84.21,0,1,1,-1,1,1
2479,21,Water,Stable,Stable Water,81.02,0,1,1,-1,1,1
2480,21,Water,Stable,Stable Water,81.02,0,1,1,-1,1,1
2481,21,Water,Stable,Stable Water,81.02,0,1,1,-1,1,1
2482,21,Water,Stable,Stable Water,81.02,0,1,1,-1,1,1
2483,21,Water,Stable,Stable Water,81.02,0,1,1,-1,1,1
2484,21,Water,Stable,Stable Water,81.02,0,1,1,-1,1,1
2485,21,Water,Stable,Stable Water,81.02,0,1,1,-1,1,1
2486,21,Water,Stable,Stable Water,81.02,0,1,1,-1,1,1
2487,21,Water,Stable,Stable Water,81.02,0,1,1,-1,1,1
2488,21,Water,Stable,Stable Water,81.02,0,1,1,-1,1,1
2489,21,Water,Stable,Stable Water,81.02,0,1,1,-1,1,1
2490,21,Water,Stable,Stable Water,81.02,0,1,1,-1,1,1
2491,21,Water,Stable,Stable Water,81.02,0,1,1,-1,1,1
2492,21,Water,Stable,Stable Water,81.02,0,1,1,-1,1,1
2493,21,Water,Stable,Stable Water,81.02,0,1,1,-1,1,1
2494,21,Water,Stable,Stable Water,81.02,0,1,1,-1,1,1
2495,21,Water,Stable,Stable Water,81.02,0,1,1,-1,1,1
2496,21,Water,Stable,Stable Water,81.02,0,1,1,-1,1,1
2497,21,Water,Stable,Stable Water,81.02,0,1,1,-1,1,1
2498,21,Water,Stable,Stable Water,81.02,0,1,1,-1,1,1
2499,21,Water,Stable,Stable Water,81.02,0,1,1,-1,1,1
2500,21,Water,Stable,Stable Water,81.02,0,1,1,-1,1,1
2501,21,Water,Stable,Stable Water,81.02,0,1,1,-1,1,1
2502,21,Water,Stable,Stable Water,81.02,0,1,1,-1,1,1
2503,21,Water,Stable,Stable Water,81.02,0,1,1,-1,1,1
2504,21,Water,Stable,Stable Water,81.02,0,1,1,-1,1,1
2505,21,Water,Stable,Stable Water,81.02,0,1,1,-1,1,1
2506,21,Water,Stable,Stable Water,81.02,0,1,1,-1,1,1
2507,21,Water,Stable,Stable Water,81.02,0,1,1,-1,1,1
2508,21,Water,Stable,Stable Water,81.02,0,1,1,-1,1,1
2509,21,Water,Stable,Stable Water,81.02,0,1,1,-1,1,1
2510,21,Water,Stable,Stable Water,81.02,0,1,1,-1,1,1
2511,21,Water,Stable,Stable Water,81.02,0,1,1,-1,1,1
2512,21,Water,Stable,Stable Water,81.02,0,1,1,-1,1,1
2513,21,Water,Stable,Stable Water,81.02,0,1,1,-1,1,1
2514,21,Water,Stable,Stable Water,81.02,0,1,1,-1,1,1
2515,21,Water,Stable,Stable Water,81.02,0,1,1,-1,1,1
2516,21,Water,Stable,Stable Water,81.02,0,1,1,-1,1,1
2517,21,Water,Stable,Stable Water,81.02,0,1,1,-1,1,1
2518,21,Water,Stable,Stable Water,81.02,0,1,1,-1,1,1
2519,21,Water,Stable,Stable Water,81.02,0,1,1,-1,1,1
2520,21,Water,Stable,Stable Water,81.02,0,1,1,-1,1,1
2521,21,Water,Stable,Stable Water,81.02,0,1,1,-1,1,1
2522,21,Water,Stable,Stable Water,81.02,0,1,1,-1,1,1
2523,21,Water,Stable,Stable Water,81.02,0,1,1,-1,1,1
2524,21,Water,Stable,Stable Water,81.02,0,1,1,-1,1,1
2525,21,Water,Stable,Stable Water,81.02,0,1,1,-1,1,1
2526,21,Water,Stable,Stable Water,81.02,0,1,1,-1,1,1
2527,21,Water,Stable,Stable Water,81.02,0,1,1,-1,1,1
2528,21,Water,Stable,Stable Water,81.02,0,1,1,-1,1,1
2529,21,Water,Stable,Stable Water,81.02,0,1,1,-1,1,1
2530,21,Water,Stable,Stable Water,81.02,0,1,1,-1,1,1
2531,21,Water,Stable,Stable Water,81.02,0,1,1,-1,1,1
2532,21,Water,Stable,Stable Water,81.02,0,1,1,-1,1,1
2533,21,Water,Stable,Stable Water,81.02,0,1,1,-1,1,1
2534,21,Water,Stable,Stable Water,81.02,0,1,1,-1,1,1
2535,21,Water,Stable,Stable Water,81.02,0,1,1,-1,1,1
2536,21,Water,Stable,Stable Water,81.02,0,1,1,-1,1,1
2537,21,Water,Stable,Stable Water,81.02,0,1,1,-1,1,1
2538,21,Water,Stable,Stable Water,81.02,0,1,1,-1,1,1
2539,21,Water,Stable,Stable Water,81.02,0,1,1,-1,1,1
2540,21,Water,Stable,Stable Water,81.02,0,1,1,-1,1,1
2541,21,Water,Stable,Stable Water,81.02,0,1,1,-1,1,1
2542,21,Water,Stable,Stable Water,81.02,0,1,1,-1,1,1
2543,21,Water,Stable,Stable Water,81.02,0,1,1,-1,1,1
2544,21,Water,Stable,Stable Water,81.02,0,1,1,-1,1,1
2545,21,Water,Stable,Stable Water,81.02,0,1,1,-1,1,1
2546,21,Water,Stable,Stable Water,81.02,0,1,1,-1,1,1
2547,21,Water,Stable,Stable Water,81.02,0,1,1,-1,1,1
2548,21,Water,Stable,Stable Water,81.02,0,1,1,-1,1,1
2549,21,Water,Stable,Stable Water,81.02,0,1,1,-1,1,1
2550,21,Water,Stable,Stable Water,81.02,0,1,1,-1,1,1
2551,21,Water,Stable,Stable Water,81.02,0,1,1,-1,1,1
2552,21,Water,Stable,Stable Water,81.02,0,1,1,-1,1,1
2553,21,Water,Stable,Stable Water,81.02,0,1,1,-1,1,1
2554,21,Water,Stable,Stable Water,81.02,0,1,1,-1,1,1
2555,21,Water,Stable,Stable Water,81.02,0,1,1,-1,1,1
2556,21,Water,Stable,Stable Water,81.02,0,1,1,-1,1,1
2557,21,Water,Stable,Stable Water,81.02,0,1,1,-1,1,1
2558,21,Water,Stable,Stable Water,81.02,0,1,1,-1,1,1
2559,21,Water,Stable,Stable Water,81.02,0,1,1,-1,1,1
2560,21,Water,Stable,Stable Water,81.02,0,1,1,-1,1,1
2561,21,Water,Stable,Stable Water,81.02,0,1,1,-1,1,1
2562,21,Water,Stable,Stable Water,81.02,0,1,1,-1,1,1
2563,21,Water,Stable,Stable Water,81.02,0,1,1,-1,1,1
2564,21,Water,Stable,Stable Water,81.02,0,1,1,-1,1,1
2565,21,Water,Stable,Stable Water,81.02,0,1,1,-1,1,1
2566,21,Water,Stable,Stable Water,81.02,0,1,1,-1,1,1
2567,21,Water,Stable,Stable Water,81.02,0,1,1,-1,1,1
2568,21,Water,Stable,Stable Water,81.02,0,1,1,-1,1,1
2569,21,Water,Stable,Stable Water,81.02,0,1,1,-1,1,1
2570,21,Water,Stable,Stable Water,81.02,0,1,1,-1,1,1
2571,21,Water,Stable,Stable Water,81.02,0,1,1,-1,1,1
2572,21,Water,Stable,Stable Water,81.02,0,1,1,-1,1,1
2573,21,Water,Stable,Stable Water,81.02,0,1,1,-1,1,1
2574,21,Water,Stable,Stable Water,81.02,0,1,1,-1,1,1
2575,21,Water,Stable,Stable Water,81.02,0,1,1,-1,1,1
2576,21,Water,Stable,Stable Water,81.02,0,1,1,-1,1,1
2577,21,Water,Stable,Stable Water,81.02,0,1,1,-1,1,1
2578,21,Water,Stable,Stable Water,81.02,0,1,1,-1,1,1
2579,21,Water,Stable,Stable Water,81.02,0,1,1,-1,1,1
2580,21,Water,Stable,Stable Water,81.02,0,1,1,-1,1,1
2581,21,Water,Stable,Stable Water,81.02,0,1,1,-1,1,1
2582,21,Water,Stable,Stable Water,81.02,0,1,1,-1,1,1
2583,21,Water,Stable,Stable Water,81.02,0,1,1,-1,1,1
2584,21,Water,Stable,Stable Water,81.02,0,1,1,-1,1,1
2585,21,Water,Stable,Stable Water,81.02,0,1,1,-1,1,1
2586,21,Water,Stable,Stable Water,81.02,0,1,1,-1,1,1
2587,21,Water,Stable,Stable Water,81.02,0,1,1,-1,1,1
2588,21,Water,Stable,Stable Water,81.02,0,1,1,-1,1,1
2589,21,Water,Stable,Stable Water,81.02,0,1,1,-1,1,1
2590,21,Water,Stable,Stable Water,81.02,0,1,1,-1,1,1
2591,21,Water,Stable,Stable Water,81.02,0,1,1,-1,1,1
2592,21,Water,Stable,Stable Water,81.02,0,1,1,-1,1,1
2593,21,Water,Stable,Stable Water,81.02,0,1,1,-1,1,1
2594,21,Water,Stable,Stable Water,81.02,0,1,1,-1,1,1
2595,21,Water,Stable,Stable Water,81.02,0,1,1,-1,1,1
2596,21,Water,Stable,Stable Water,81.02,0,1,1,-1,1,1
2597,21,Water,Stable,Stable Water,81.02,0,1,1,-1,1,1
2598,21,Water,Stable,Stable Water,81.02,0,1,1,-1,1,1
2599,21,Water,Stable,Stable Water,81.02,0,1,1,-1,1,1
2600,21,Water,Stable,Stable Water,81.02,0,1,1,-1,1,1
2601,21,Water,Stable,Stable Water,81.02,0,1,1,-1,1,1
2602,21,Water,Stable,Stable Water,81.02,0,1,1,-1,1,1
2603,21,Water,Stable,Stable Water,81.02,0,1,1,-1,1,1
2604,21,Water,Stable,Stable Water,81.02,0,1,1,-1,1,1
2605,21,Water,Stable,Stable Water,81.02,0,1,1,-1,1,1
2606,21,Water,Stable,Stable Water,81.02,0,1,1,-1,1,1
2607,21,Water,Stable,Stable Water,81.02,0,1,1,-1,1,1
2608,21,Water,Stable,Stable Water,81.02,0,1,1,-1,1,1
2609,21,Water,Stable,Stable Water,81.02,0,1,1,-1,1,1
2610,21,Water,Stable,Stable Water,81.02,0,1,1,-1,1,1
2611,21,Water,Stable,Stable Water,81.02,0,1,1,-1,1,1
2612,21,Water,Stable,Stable Water,81.02,0,1,1,-1,1,1
2613,21,Water,Stable,Stable Water,81.02,0,1,1,-1,1,1
2614,21,Water,Stable,Stable Water,81.02,0,1,1,-1,1,1
2615,21,Water,Stable,Stable Water,81.02,0,1,1,-1,1,1
2616,21,Water,Stable,Stable Water,81.02,0,1,1,-1,1,1
2617,21,Water,Stable,Stable Water,81.02,0,1,1,-1,1,1
2618,21,Water,Stable,Stable Water,81.02,0,1,1,-1,1,1
2619,21,Water,Stable,Stable Water,81.02,0,1,1,-1,1,1
2620,21,Water,Stable,Stable Water,81.02,0,1,1,-1,1,1
2621,21,Water,Stable,Stable Water,81.02,0,1,1,-1,1,1
2622,21,Water,Stable,Stable Water,81.02,0,1,1,-1,1,1
2623,21,Water,Stable,Stable Water,81.02,0,1,1,-1,1,1
2624,21,Water,Stable,Stable Water,81.02,0,1,1,-1,1,1
2625,21,Water,Stable,Stable Water,81.02,0,1,1,-1,1,1
2626,21,Water,Stable,Stable Water,81.02,0,1,1,-1,1,1
2627,21,Water,Stable,Stable Water,81.02,0,1,1,-1,1,1
2628,21,Water,Stable,Stable Water,81.02,0,1,1,-1,1,1
2629,21,Water,Stable,Stable Water,81.02,0,1,1,-1,1,1
2630,21,Water,Stable,Stable Water,81.02,0,1,1,-1,1,1
2631,21,Water,Stable,Stable Water,81.02,0,1,1,-1,1,1
2632,21,Water,Stable,Stable Water,81.02,0,1,1,-1,1,1
2633,21,Water,Stable,Stable Water,81.02,0,1,1,-1,1,1
2634,21,Water,Stable,Stable Water,81.02,0,1,1,-1,1,1
2635,21,Water,Stable,Stable Water,81.02,0,1,1,-1,1,1
2636,21,Water,Stable,Stable Water,81.02,0,1,1,-1,1,1
2637,21,Water,Stable,Stable Water,81.02,0,1,1,-1,1,1
2638,21,Water,Stable,Stable Water,81.02,0,1,1,-1,1,1
2639,21,Water,Stable,Stable Water,81.02,0,1,1,-1,1,1
2640,21,Water,Stable,Stable Water,81.02,0,1,1,-1,1,1
2641,21,Water,Stable,Stable Water,81.02,0,1,1,-1,1,1
2642,21,Water,Stable,Stable Water,81.02,0,1,1,-1,1,1
2643,21,Water,Stable,Stable Water,81.02,0,1,1,-1,1,1
2644,21,Water,Stable,Stable Water,81.02,0,1,1,-1,1,1
2645,21,Water,Stable,Stable Water,81.02,0,1,1,-1,1,1
2646,21,Water,Stable,Stable Water,81.02,0,1,1,-1,1,1
2647,21,Water,Stable,Stable Water,81.02,0,1,1,-1,1,1
2648,21,Water,Stable,Stable Water,81.02,0,1,1,-1,1,1
2649,21,Water,Stable,Stable Water,81.02,0,1,1,-1,1,1
2650,21,Water,Stable,Stable Water,81.02,0,1,1,-1,1,1
2651,21,Water,Stable,Stable Water,81.02,0,1,1,-1,1,1
2652,21,Water,Stable,Stable Water,81.02,0,1,1,-1,1,1
2653,21,Water,Stable,Stable Water,81.02,0,1,1,-1,1,1
2654,21,Water,Stable,Stable Water,81.02,0,1,1,-1,1,1
2655,21,Water,Stable,Stable Water,81.02,0,1,1,-1,1,1
2656,21,Water,Stable,Stable Water,81.02,0,1,1,-1,1,1
2657,21,Water,Stable,Stable Water,81.02,0,1,1,-1,1,1
2658,21,Water,Stable,Stable Water,81.02,0,1,1,-1,1,1
2659,21,Water,Stable,Stable Water,81.02,0,1,1,-1,1,1
2660,21,Water,Stable,Stable Water,81.02,0,1,1,-1,1,1
2661,21,Water,Stable,Stable Water,81.02,0,1,1,-1,1,1
2662,21,Water,Stable,Stable Water,81.02,0,1,1,-1,1,1
2663,21,Water,Stable,Stable Water,81.02,0,1,1,-1,1,1
2664,21,Water,Stable,Stable Water,81.02,0,1,1,-1,1,1
2665,21,Water,Stable,Stable Water,81.02,0,1,1,-1,1,1
2666,21,Water,Stable,Stable Water,81.02,0,1,1,-1,1,1
2667,21,Water,Stable,Stable Water,81.02,0,1,1,-1,1,1
2668,21,Water,Stable,Stable Water,81.02,0,1,1,-1,1,1
2669,21,Water,Stable,Stable Water,81.02,0,1,1,-1,1,1
2670,21,Water,Stable,Stable Water,81.02,0,1,1,-1,1,1
2671,21,Water,Stable,Stable Water,81.02,0,1,1,-1,1,1
2672,21,Water,Stable,Stable Water,81.02,0,1,1,-1,1,1
2673,21,Water,Stable,Stable Water,81.02,0,1,1,-1,1,1
2674,21,Water,Stable,Stable Water,81.02,0,1,1,-1,1,1
2675,21,Water,Stable,Stable Water,81.02,0,1,1,-1,1,1
2676,21,Water,Stable,Stable Water,81.02,0,1,1,-1,1,1
2677,21,Water,Stable,Stable Water,81.02,0,1,1,-1,1,1
2678,21,Water,Stable,Stable Water,81.02,0,1,1,-1,1,1
2679,21,Water,Stable,Stable Water,85.19,0,1,1,-1,1,1
2680,21,Water,Stable,Stable Water,85.19,0,1,1,-1,1,1
2681,21,Water,Stable,Stable Water,85.19,0,1,1,-1,1,1
2682,21,Water,Stable,Stable Water,85.19,0,1,1,-1,1,1
2683,21,Water,Stable,Stable Water,85.19,0,1,1,-1,1,1
2684,21,Water,Stable,Stable Water,85.19,0,1,1,-1,1,1
2685,21,Water,Stable,Stable Water,85.19,0,1,1,-1,1,1
2686,21,Water,Stable,Stable Water,85.19,0,1,1,-1,1,1
2687,21,Water,Stable,Stable Water,85.19,0,1,1,-1,1,1
2688,21,Water,Stable,Stable Water,85.19,0,1,1,-1,1,1
2689,21,Water,Stable,Stable Water,85.19,0,1,1,-1,1,1
2690,21,Water,Stable,Stable Water,85.19,0,1,1,-1,1,1
2691,21,Water,Stable,Stable Water,85.19,0,1,1,-1,1,1
2692,21,Water,Stable,Stable Water,85.19,0,1,1,-1,1,1
2693,21,Water,Stable,Stable Water,85.19,0,1,1,-1,1,1
2694,21,Water,Stable,Stable Water,85.19,0,1,1,-1,1,1
2695,21,Water,Stable,Stable Water,85.19,0,1,1,-1,1,1
2696,21,Water,Stable,Stable Water,85.19,0,1,1,-1,1,1
2697,21,Water,Stable,Stable Water,85.19,0,1,1,-1,1,1
2698,21,Water,Stable,Stable Water,85.19,0,1,1,-1,1,1
2699,21,Water,Stable,Stable Water,85.19,0,1,1,-1,1,1
2700,21,Water,Stable,Stable Water,85.19,0,1,1,-1,1,1
2701,21,Water,Stable,Stable Water,85.19,0,1,1,-1,1,1
2702,21,Water,Stable,Stable Water,85.19,0,1,1,-1,1,1
2703,21,Water,Stable,Stable Water,85.19,0,1,1,-1,1,1
2704,21,Water,Stable,Stable Water,85.19,0,1,1,-1,1,1
2705,21,Water,Stable,Stable Water,85.19,0,1,1,-1,1,1
2706,21,Water,Stable,Stable Water,85.19,0,1,1,-1,1,1
2707,21,Water,Stable,Stable Water,85.19,0,1,1,-1,1,1
2708,21,Water,Stable,Stable Water,85.19,0,1,1,-1,1,1
2709,21,Water,Stable,Stable Water,85.19,0,1,1,-1,1,1
2710,21,Water,Stable,Stable Water,85.19,0,1,1,-1,1,1
2711,21,Water,Stable,Stable Water,85.19,0,1,1,-1,1,1
2712,21,Water,Stable,Stable Water,85.19,0,1,1,-1,1,1
2713,21,Water,Stable,Stable Water,85.19,0,1,1,-1,1,1
2714,21,Water,Stable,Stable Water,85.19,0,1,1,-1,1,1
2715,21,Water,Stable,Stable Water,85.19,0,1,1,-1,1,1
2716,21,Water,Stable,Stable Water,85.19,0,1,1,-1,1,1
2717,21,Water,Stable,Stable Water,85.19,0,1,1,-1,1,1
2718,21,Water,Stable,Stable Water,85.19,0,1,1,-1,1,1
2719,21,Water,Stable,Stable Water,85.19,0,1,1,-1,1,1
2720,21,Water,Stable,Stable Water,85.19,0,1,1,-1,1,1
2721,21,Water,Stable,Stable Water,85.19,0,1,1,-1,1,1
2722,21,Water,Stable,Stable Water,85.19,0,1,1,-1,1,1
2723,21,Water,Stable,Stable Water,85.19,0,1,1,-1,1,1
2724,21,Water,Stable,Stable Water,85.19,0,1,1,-1,1,1
2725,21,Water,Stable,Stable Water,85.19,0,1,1,-1,1,1
2726,21,Water,Stable,Stable Water,85.19,0,1,1,-1,1,1
2727,21,Water,Stable,Stable Water,85.19,0,1,1,-1,1,1
2728,21,Water,Stable,Stable Water,85.19,0,1,1,-1,1,1
2729,21,Water,Stable,Stable Water,85.19,0,1,1,-1,1,1
2730,21,Water,Stable,Stable Water,85.19,0,1,1,-1,1,1
2731,21,Water,Stable,Stable Water,85.19,0,1,1,-1,1,1
2732,21,Water,Stable,Stable Water,85.19,0,1,1,-1,1,1
2733,21,Water,Stable,Stable Water,85.19,0,1,1,-1,1,1
2734,21,Water,Stable,Stable Water,85.19,0,1,1,-1,1,1
2735,21,Water,Stable,Stable Water,85.19,0,1,1,-1,1,1
2736,21,Water,Stable,Stable Water,85.19,0,1,1,-1,1,1
2737,21,Water,Stable,Stable Water,85.19,0,1,1,-1,1,1
2738,21,Water,Stable,Stable Water,85.19,0,1,1,-1,1,1
2739,21,Water,Stable,Stable Water,85.19,0,1,1,-1,1,1
2740,21,Water,Stable,Stable Water,85.19,0,1,1,-1,1,1
2741,21,Water,Stable,Stable Water,85.19,0,1,1,-1,1,1
2742,21,Water,Stable,Stable Water,85.19,0,1,1,-1,1,1
2743,21,Water,Stable,Stable Water,85.19,0,1,1,-1,1,1
2744,21,Water,Stable,Stable Water,85.19,0,1,1,-1,1,1
2745,21,Water,Stable,Stable Water,85.19,0,1,1,-1,1,1
2746,21,Water,Stable,Stable Water,85.19,0,1,1,-1,1,1
2747,21,Water,Stable,Stable Water,85.19,0,1,1,-1,1,1
2748,21,Water,Stable,Stable Water,85.19,0,1,1,-1,1,1
2749,21,Water,Stable,Stable Water,85.19,0,1,1,-1,1,1
2750,21,Water,Stable,Stable Water,85.19,0,1,1,-1,1,1
2751,21,Water,Stable,Stable Water,85.19,0,1,1,-1,1,1
2752,21,Water,Stable,Stable Water,85.19,0,1,1,-1,1,1
2753,21,Water,Stable,Stable Water,85.19,0,1,1,-1,1,1
2754,21,Water,Stable,Stable Water,85.19,0,1,1,-1,1,1
2755,21,Water,Stable,Stable Water,85.19,0,1,1,-1,1,1
2756,21,Water,Stable,Stable Water,85.19,0,1,1,-1,1,1
2757,21,Water,Stable,Stable Water,85.19,0,1,1,-1,1,1
2758,21,Water,Stable,Stable Water,85.19,0,1,1,-1,1,1
2759,21,Water,Stable,Stable Water,85.19,0,1,1,-1,1,1
2760,21,Water,Stable,Stable Water,85.19,0,1,1,-1,1,1
2761,21,Water,Stable,Stable Water,85.19,0,1,1,-1,1,1
2762,21,Water,Stable,Stable Water,85.19,0,1,1,-1,1,1
2763,21,Water,Stable,Stable Water,85.19,0,1,1,-1,1,1
2764,21,Water,Stable,Stable Water,85.19,0,1,1,-1,1,1
2765,21,Water,Stable,Stable Water,85.19,0,1,1,-1,1,1
2766,21,Water,Stable,Stable Water,85.19,0,1,1,-1,1,1
2767,21,Water,Stable,Stable Water,85.19,0,1,1,-1,1,1
2768,21,Water,Stable,Stable Water,85.19,0,1,1,-1,1,1
2769,21,Water,Stable,Stable Water,85.19,0,1,1,-1,1,1
2770,21,Water,Stable,Stable Water,85.19,0,1,1,-1,1,1
2771,21,Water,Stable,Stable Water,85.19,0,1,1,-1,1,1
2772,21,Water,Stable,Stable Water,85.19,0,1,1,-1,1,1
2773,21,Water,Stable,Stable Water,85.19,0,1,1,-1,1,1
2774,21,Water,Stable,Stable Water,85.19,0,1,1,-1,1,1
2775,21,Water,Stable,Stable Water,85.19,0,1,1,-1,1,1
2776,21,Water,Stable,Stable Water,85.19,0,1,1,-1,1,1
2777,21,Water,Stable,Stable Water,85.19,0,1,1,-1,1,1
2778,21,Water,Stable,Stable Water,85.19,0,1,1,-1,1,1
2779,21,Water,Stable,Stable Water,85.19,0,1,1,-1,1,1
2780,21,Water,Stable,Stable Water,85.19,0,1,1,-1,1,1
2781,21,Water,Stable,Stable Water,85.19,0,1,1,-1,1,1
2782,21,Water,Stable,Stable Water,85.19,0,1,1,-1,1,1
2783,21,Water,Stable,Stable Water,85.19,0,1,1,-1,1,1
2784,21,Water,Stable,Stable Water,85.19,0,1,1,-1,1,1
2785,21,Water,Stable,Stable Water,85.19,0,1,1,-1,1,1
2786,21,Water,Stable,Stable Water,85.19,0,1,1,-1,1,1
2787,21,Water,Stable,Stable Water,85.19,0,1,1,-1,1,1
2788,21,Water,Stable,Stable Water,85.19,0,1,1,-1,1,1
2789,21,Water,Stable,Stable Water,85.19,0,1,1,-1,1,1
2790,21,Water,Stable,Stable Water,85.19,0,1,1,-1,1,1
2791,21,Water,Stable,Stable Water,85.19,0,1,1,-1,1,1
2792,21,Water,Stable,Stable Water,85.19,0,1,1,-1,1,1
2793,21,Water,Stable,Stable Water,85.19,0,1,1,-1,1,1
2794,21,Water,Stable,Stable Water,85.19,0,1,1,-1,1,1
2795,21,Water,Stable,Stable Water,85.19,0,1,1,-1,1,1
2796,21,Water,Stable,Stable Water,85.19,0,1,1,-1,1,1
2797,21,Water,Stable,Stable Water,85.19,0,1,1,-1,1,1
2798,21,Water,Stable,Stable Water,85.19,0,1,1,-1,1,1
2799,21,Water,Stable,Stable Water,85.19,0,1,1,-1,1,1
2800,21,Water,Stable,Stable Water,85.19,0,1,1,-1,1,1
2801,21,Water,Stable,Stable Water,85.19,0,1,1,-1,1,1
2802,21,Water,Stable,Stable Water,85.19,0,1,1,-1,1,1
2803,21,Water,Stable,Stable Water,85.19,0,1,1,-1,1,1
2804,21,Water,Stable,Stable Water,85.19,0,1,1,-1,1,1
2805,21,Water,Stable,Stable Water,85.19,0,1,1,-1,1,1
2806,21,Water,Stable,Stable Water,85.19,0,1,1,-1,1,1
2807,21,Water,Stable,Stable Water,85.19,0,1,1,-1,1,1
2808,21,Water,Stable,Stable Water,85.19,0,1,1,-1,1,1
2809,21,Water,Stable,Stable Water,85.19,0,1,1,-1,1,1
2810,21,Water,Stable,Stable Water,85.19,0,1,1,-1,1,1
2811,21,Water,Stable,Stable Water,85.19,0,1,1,-1,1,1
2812,21,Water,Stable,Stable Water,85.19,0,1,1,-1,1,1
2813,21,Water,Stable,Stable Water,85.19,0,1,1,-1,1,1
2814,21,Water,Stable,Stable Water,85.19,0,1,1,-1,1,1
2815,21,Water,Stable,Stable Water,85.19,0,1,1,-1,1,1
2816,21,Water,Stable,Stable Water,85.19,0,1,1,-1,1,1
2817,21,Water,Stable,Stable Water,85.19,0,1,1,-1,1,1
2818,21,Water,Stable,Stable Water,85.19,0,1,1,-1,1,1
2819,21,Water,Stable,Stable Water,85.19,0,1,1,-1,1,1
2820,21,Water,Stable,Stable Water,85.19,0,1,1,-1,1,1
2821,21,Water,Stable,Stable Water,85.19,0,1,1,-1,1,1
2822,21,Water,Stable,Stable Water,85.19,0,1,1,-1,1,1
2823,21,Water,Stable,Stable Water,85.19,0,1,1,-1,1,1
2824,21,Water,Stable,Stable Water,85.19,0,1,1,-1,1,1
2825,21,Water,Stable,Stable Water,85.19,0,1,1,-1,1,1
2826,21,Water,Stable,Stable Water,85.19,0,1,1,-1,1,1
2827,21,Water,Stable,Stable Water,85.19,0,1,1,-1,1,1
2828,21,Water,Stable,Stable Water,85.19,0,1,1,-1,1,1
2829,21,Water,Stable,Stable Water,85.19,0,1,1,-1,1,1
2830,21,Water,Stable,Stable Water,85.19,0,1,1,-1,1,1
2831,21,Water,Stable,Stable Water,85.19,0,1,1,-1,1,1
2832,21,Water,Stable,Stable Water,85.19,0,1,1,-1,1,1
2833,21,Water,Stable,Stable Water,85.19,0,1,1,-1,1,1
2834,21,Water,Stable,Stable Water,85.19,0,1,1,-1,1,1
2835,21,Water,Stable,Stable Water,85.19,0,1,1,-1,1,1
2836,21,Water,Stable,Stable Water,85.19,0,1,1,-1,1,1
2837,21,Water,Stable,Stable Water,85.19,0,1,1,-1,1,1
2838,21,Water,Stable,Stable Water,85.19,0,1,1,-1,1,1
2839,21,Water,Stable,Stable Water,85.19,0,1,1,-1,1,1
2840,21,Water,Stable,Stable Water,85.19,0,1,1,-1,1,1
2841,21,Water,Stable,Stable Water,85.19,0,1,1,-1,1,1
2842,21,Water,Stable,Stable Water,85.19,0,1,1,-1,1,1
2843,21,Water,Stable,Stable Water,85.19,0,1,1,-1,1,1
2844,21,Water,Stable,Stable Water,85.19,0,1,1,-1,1,1
2845,21,Water,Stable,Stable Water,85.19,0,1,1,-1,1,1
2846,21,Water,Stable,Stable Water,85.19,0,1,1,-1,1,1
2847,21,Water,Stable,Stable Water,85.19,0,1,1,-1,1,1
2848,21,Water,Stable,Stable Water,85.19,0,1,1,-1,1,1
2849,21,Water,Stable,Stable Water,85.19,0,1,1,-1,1,1
2850,21,Water,Stable,Stable Water,85.19,0,1,1,-1,1,1
2851,21,Water,Stable,Stable Water,85.19,0,1,1,-1,1,1
2852,21,Water,Stable,Stable Water,85.19,0,1,1,-1,1,1
2853,21,Water,Stable,Stable Water,85.19,0,1,1,-1,1,1
2854,21,Water,Stable,Stable Water,85.19,0,1,1,-1,1,1
2855,21,Water,Stable,Stable Water,85.19,0,1,1,-1,1,1
2856,21,Water,Stable,Stable Water,85.19,0,1,1,-1,1,1
2857,21,Water,Stable,Stable Water,85.19,0,1,1,-1,1,1
2858,21,Water,Stable,Stable Water,85.19,0,1,1,-1,1,1
2859,21,Water,Stable,Stable Water,85.19,0,1,1,-1,1,1
2860,21,Water,Stable,Stable Water,85.19,0,1,1,-1,1,1
2861,21,Water,Stable,Stable Water,85.19,0,1,1,-1,1,1
2862,21,Water,Stable,Stable Water,85.19,0,1,1,-1,1,1
2863,21,Water,Stable,Stable Water,85.19,0,1,1,-1,1,1
2864,21,Water,Stable,Stable Water,85.19,0,1,1,-1,1,1
2865,21,Water,Stable,Stable Water,85.19,0,1,1,-1,1,1
2866,21,Water,Stable,Stable Water,85.19,0,1,1,-1,1,1
2867,21,Water,Stable,Stable Water,85.19,0,1,1,-1,1,1
2868,21,Water,Stable,Stable Water,85.19,0,1,1,-1,1,1
2869,21,Water,Stable,Stable Water,85.19,0,1,1,-1,1,1
2870,21,Water,Stable,Stable Water,85.19,0,1,1,-1,1,1
2871,21,Water,Stable,Stable Water,85.19,0,1,1,-1,1,1
2872,21,Water,Stable,Stable Water,85.19,0,1,1,-1,1,1
2873,21,Water,Stable,Stable Water,85.19,0,1,1,-1,1,1
2874,21,Water,Stable,Stable Water,85.19,0,1,1,-1,1,1
2875,21,Water,Stable,Stable Water,85.19,0,1,1,-1,1,1
2876,21,Water,Stable,Stable Water,85.19,0,1,1,-1,1,1
2877,21,Water,Stable,Stable Water,85.19,0,1,1,-1,1,1
2878,21,Water,Stable,Stable Water,85.19,0,1,1,-1,1,1
2879,21,Water,Stable,Stable Water,78.74,0,1,1,-1,1,1
2880,21,Water,Stable,Stable Water,78.74,0,1,1,-1,1,1
2881,21,Water,Stable,Stable Water,78.74,0,1,1,-1,1,1
2882,21,Water,Stable,Stable Water,78.74,0,1,1,-1,1,1
2883,21,Water,Stable,Stable Water,78.74,0,1,1,-1,1,1
2884,21,Water,Stable,Stable Water,78.74,0,1,1,-1,1,1
2885,21,Water,Stable,Stable Water,78.74,0,1,1,-1,1,1
2886,21,Water,Stable,Stable Water,78.74,0,1,1,-1,1,1
2887,21,Water,Stable,Stable Water,78.74,0,1,1,-1,1,1
2888,21,Water,Stable,Stable Water,78.74,0,1,1,-1,1,1
2889,21,Water,Stable,Stable Water,78.74,0,1,1,-1,1,1
2890,21,Water,Stable,Stable Water,78.74,0,1,1,-1,1,1
2891,21,Water,Stable,Stable Water,78.74,0,1,1,-1,1,1
2892,21,Water,Stable,Stable Water,78.74,0,1,1,-1,1,1
2893,21,Water,Stable,Stable Water,78.74,0,1,1,-1,1,1
2894,21,Water,Stable,Stable Water,78.74,0,1,1,-1,1,1
2895,21,Water,Stable,Stable Water,78.74,0,1,1,-1,1,1
2896,21,Water,Stable,Stable Water,78.74,0,1,1,-1,1,1
2897,21,Water,Stable,Stable Water,78.74,0,1,1,-1,1,1
2898,21,Water,Stable,Stable Water,78.74,0,1,1,-1,1,1
2899,21,Water,Stable,Stable Water,78.74,0,1,1,-1,1,1
2900,21,Water,Stable,Stable Water,78.74,0,1,1,-1,1,1
2901,21,Water,Stable,Stable Water,78.74,0,1,1,-1,1,1
2902,21,Water,Stable,Stable Water,78.74,0,1,1,-1,1,1
2903,21,Water,Stable,Stable Water,78.74,0,1,1,-1,1,1
2904,21,Water,Stable,Stable Water,78.74,0,1,1,-1,1,1
2905,21,Water,Stable,Stable Water,78.74,0,1,1,-1,1,1
2906,21,Water,Stable,Stable Water,78.74,0,1,1,-1,1,1
2907,21,Water,Stable,Stable Water,78.74,0,1,1,-1,1,1
2908,21,Water,Stable,Stable Water,78.74,0,1,1,-1,1,1
2909,21,Water,Stable,Stable Water,78.74,0,1,1,-1,1,1
2910,21,Water,Stable,Stable Water,78.74,0,1,1,-1,1,1
2911,21,Water,Stable,Stable Water,78.74,0,1,1,-1,1,1
2912,21,Water,Stable,Stable Water,78.74,0,1,1,-1,1,1
2913,21,Water,Stable,Stable Water,78.74,0,1,1,-1,1,1
2914,21,Water,Stable,Stable Water,78.74,0,1,1,-1,1,1
2915,21,Water,Stable,Stable Water,78.74,0,1,1,-1,1,1
2916,21,Water,Stable,Stable Water,78.74,0,1,1,-1,1,1
2917,21,Water,Stable,Stable Water,78.74,0,1,1,-1,1,1
2918,21,Water,Stable,Stable Water,78.74,0,1,1,-1,1,1
2919,21,Water,Stable,Stable Water,78.74,0,1,1,-1,1,1
2920,21,Water,Stable,Stable Water,78.74,0,1,1,-1,1,1
2921,21,Water,Stable,Stable Water,78.74,0,1,1,-1,1,1
2922,21,Water,Stable,Stable Water,78.74,0,1,1,-1,1,1
2923,21,Water,Stable,Stable Water,78.74,0,1,1,-1,1,1
2924,21,Water,Stable,Stable Water,78.74,0,1,1,-1,1,1
2925,21,Water,Stable,Stable Water,78.74,0,1,1,-1,1,1
2926,21,Water,Stable,Stable Water,78.74,0,1,1,-1,1,1
2927,21,Water,Stable,Stable Water,78.74,0,1,1,-1,1,1
2928,21,Water,Stable,Stable Water,78.74,0,1,1,-1,1,1
2929,21,Water,Stable,Stable Water,78.74,0,1,1,-1,1,1
2930,21,Water,Stable,Stable Water,78.74,0,1,1,-1,1,1
2931,21,Water,Stable,Stable Water,78.74,0,1,1,-1,1,1
2932,21,Water,Stable,Stable Water,78.74,0,1,1,-1,1,1
2933,21,Water,Stable,Stable Water,78.74,0,1,1,-1,1,1
2934,21,Water,Stable,Stable Water,78.74,0,1,1,-1,1,1
2935,21,Water,Stable,Stable Water,78.74,0,1,1,-1,1,1
2936,21,Water,Stable,Stable Water,78.74,0,1,1,-1,1,1
2937,21,Water,Stable,Stable Water,78.74,0,1,1,-1,1,1
2938,21,Water,Stable,Stable Water,78.74,0,1,1,-1,1,1
2939,21,Water,Stable,Stable Water,78.74,0,1,1,-1,1,1
2940,21,Water,Stable,Stable Water,78.74,0,1,1,-1,1,1
2941,21,Water,Stable,Stable Water,78.74,0,1,1,-1,1,1
2942,21,Water,Stable,Stable Water,78.74,0,1,1,-1,1,1
2943,21,Water,Stable,Stable Water,78.74,0,1,1,-1,1,1
2944,21,Water,Stable,Stable Water,78.74,0,1,1,-1,1,1
2945,21,Water,Stable,Stable Water,78.74,0,1,1,-1,1,1
2946,21,Water,Stable,Stable Water,78.74,0,1,1,-1,1,1
2947,21,Water,Stable,Stable Water,78.74,0,1,1,-1,1,1
2948,21,Water,Stable,Stable Water,78.74,0,1,1,-1,1,1
2949,21,Water,Stable,Stable Water,78.74,0,1,1,-1,1,1
2950,21,Water,Stable,Stable Water,78.74,0,1,1,-1,1,1
2951,21,Water,Stable,Stable Water,78.74,0,1,1,-1,1,1
2952,21,Water,Stable,Stable Water,78.74,0,1,1,-1,1,1
2953,21,Water,Stable,Stable Water,78.74,0,1,1,-1,1,1
2954,21,Water,Stable,Stable Water,78.74,0,1,1,-1,1,1
2955,21,Water,Stable,Stable Water,78.74,0,1,1,-1,1,1
2956,21,Water,Stable,Stable Water,78.74,0,1,1,-1,1,1
2957,21,Water,Stable,Stable Water,78.74,0,1,1,-1,1,1
2958,21,Water,Stable,Stable Water,78.74,0,1,1,-1,1,1
2959,21,Water,Stable,Stable Water,78.74,0,1,1,-1,1,1
2960,21,Water,Stable,Stable Water,78.74,0,1,1,-1,1,1
2961,21,Water,Stable,Stable Water,78.74,0,1,1,-1,1,1
2962,21,Water,Stable,Stable Water,78.74,0,1,1,-1,1,1
2963,21,Water,Stable,Stable Water,78.74,0,1,1,-1,1,1
2964,21,Water,Stable,Stable Water,78.74,0,1,1,-1,1,1
2965,21,Water,Stable,Stable Water,78.74,0,1,1,-1,1,1
2966,21,Water,Stable,Stable Water,78.74,0,1,1,-1,1,1
2967,21,Water,Stable,Stable Water,78.74,0,1,1,-1,1,1
2968,21,Water,Stable,Stable Water,78.74,0,1,1,-1,1,1
2969,21,Water,Stable,Stable Water,78.74,0,1,1,-1,1,1
2970,21,Water,Stable,Stable Water,78.74,0,1,1,-1,1,1
2971,21,Water,Stable,Stable Water,78.74,0,1,1,-1,1,1
2972,21,Water,Stable,Stable Water,78.74,0,1,1,-1,1,1
2973,21,Water,Stable,Stable Water,78.74,0,1,1,-1,1,1
2974,21,Water,Stable,Stable Water,78.74,0,1,1,-1,1,1
2975,21,Water,Stable,Stable Water,78.74,0,1,1,-1,1,1
2976,21,Water,Stable,Stable Water,78.74,0,1,1,-1,1,1
2977,21,Water,Stable,Stable Water,78.74,0,1,1,-1,1,1
2978,21,Water,Stable,Stable Water,78.74,0,1,1,-1,1,1
2979,21,Water,Stable,Stable Water,78.74,0,1,1,-1,1,1
2980,21,Water,Stable,Stable Water,78.74,0,1,1,-1,1,1
2981,21,Water,Stable,Stable Water,78.74,0,1,1,-1,1,1
2982,21,Water,Stable,Stable Water,78.74,0,1,1,-1,1,1
2983,21,Water,Stable,Stable Water,78.74,0,1,1,-1,1,1
2984,21,Water,Stable,Stable Water,78.74,0,1,1,-1,1,1
2985,21,Water,Stable,Stable Water,78.74,0,1,1,-1,1,1
2986,21,Water,Stable,Stable Water,78.74,0,1,1,-1,1,1
2987,21,Water,Stable,Stable Water,78.74,0,1,1,-1,1,1
2988,21,Water,Stable,Stable Water,78.74,0,1,1,-1,1,1
2989,21,Water,Stable,Stable Water,78.74,0,1,1,-1,1,1
2990,21,Water,Stable,Stable Water,78.74,0,1,1,-1,1,1
2991,21,Water,Stable,Stable Water,78.74,0,1,1,-1,1,1
2992,21,Water,Stable,Stable Water,78.74,0,1,1,-1,1,1
2993,21,Water,Stable,Stable Water,78.74,0,1,1,-1,1,1
2994,21,Water,Stable,Stable Water,78.74,0,1,1,-1,1,1
2995,21,Water,Stable,Stable Water,78.74,0,1,1,-1,1,1
2996,21,Water,Stable,Stable Water,78.74,0,1,1,-1,1,1
2997,21,Water,Stable,Stable Water,78.74,0,1,1,-1,1,1
2998,21,Water,Stable,Stable Water,78.74,0,1,1,-1,1,1
2999,21,Water,Stable,Stable Water,78.74,0,1,1,-1,1,1
3000,21,Water,Stable,Stable Water,78.74,0,1,1,-1,1,1
3001,21,Water,Stable,Stable Water,78.74,0,1,1,-1,1,1
3002,21,Water,Stable,Stable Water,78.74,0,1,1,-1,1,1
3003,21,Water,Stable,Stable Water,78.74,0,1,1,-1,1,1
3004,21,Water,Stable,Stable Water,78.74,0,1,1,-1,1,1
3005,21,Water,Stable,Stable Water,78.74,0,1,1,-1,1,1
3006,21,Water,Stable,Stable Water,78.74,0,1,1,-1,1,1
3007,21,Water,Stable,Stable Water,78.74,0,1,1,-1,1,1
3008,21,Water,Stable,Stable Water,78.74,0,1,1,-1,1,1
3009,21,Water,Stable,Stable Water,78.74,0,1,1,-1,1,1
3010,21,Water,Stable,Stable Water,78.74,0,1,1,-1,1,1
3011,21,Water,Stable,Stable Water,78.74,0,1,1,-1,1,1
3012,21,Water,Stable,Stable Water,78.74,0,1,1,-1,1,1
3013,21,Water,Stable,Stable Water,78.74,0,1,1,-1,1,1
3014,21,Water,Stable,Stable Water,78.74,0,1,1,-1,1,1
3015,21,Water,Stable,Stable Water,78.74,0,1,1,-1,1,1
3016,21,Water,Stable,Stable Water,78.74,0,1,1,-1,1,1
3017,21,Water,Stable,Stable Water,78.74,0,1,1,-1,1,1
3018,21,Water,Stable,Stable Water,78.74,0,1,1,-1,1,1
3019,21,Water,Stable,Stable Water,78.74,0,1,1,-1,1,1
3020,21,Water,Stable,Stable Water,78.74,0,1,1,-1,1,1
3021,21,Water,Stable,Stable Water,78.74,0,1,1,-1,1,1
3022,21,Water,Stable,Stable Water,78.74,0,1,1,-1,1,1
3023,21,Water,Stable,Stable Water,78.74,0,1,1,-1,1,1
3024,21,Water,Stable,Stable Water,78.74,0,1,1,-1,1,1
3025,21,Water,Stable,Stable Water,78.74,0,1,1,-1,1,1
3026,21,Water,Stable,Stable Water,78.74,0,1,1,-1,1,1
3027,21,Water,Stable,Stable Water,78.74,0,1,1,-1,1,1
3028,21,Water,Stable,Stable Water,78.74,0,1,1,-1,1,1
3029,21,Water,Stable,Stable Water,78.74,0,1,1,-1,1,1
3030,21,Water,Stable,Stable Water,78.74,0,1,1,-1,1,1
3031,21,Water,Stable,Stable Water,78.74,0,1,1,-1,1,1
3032,21,Water,Stable,Stable Water,78.74,0,1,1,-1,1,1
3033,21,Water,Stable,Stable Water,78.74,0,1,1,-1,1,1
3034,21,Water,Stable,Stable Water,78.74,0,1,1,-1,1,1
3035,21,Water,Stable,Stable Water,78.74,0,1,1,-1,1,1
3036,21,Water,Stable,Stable Water,78.74,0,1,1,-1,1,1
3037,21,Water,Stable,Stable Water,78.74,0,1,1,-1,1,1
3038,21,Water,Stable,Stable Water,78.74,0,1,1,-1,1,1
3039,21,Water,Stable,Stable Water,78.74,0,1,1,-1,1,1
3040,21,Water,Stable,Stable Water,78.74,0,1,1,-1,1,1
3041,21,Water,Stable,Stable Water,78.74,0,1,1,-1,1,1
3042,21,Water,Stable,Stable Water,78.74,0,1,1,-1,1,1
3043,21,Water,Stable,Stable Water,78.74,0,1,1,-1,1,1
3044,21,Water,Stable,Stable Water,78.74,0,1,1,-1,1,1
3045,21,Water,Stable,Stable Water,78.74,0,1,1,-1,1,1
3046,21,Water,Stable,Stable Water,78.74,0,1,1,-1,1,1
3047,21,Water,Stable,Stable Water,78.74,0,1,1,-1,1,1
3048,21,Water,Stable,Stable Water,78.74,0,1,1,-1,1,1
3049,21,Water,Stable,Stable Water,78.74,0,1,1,-1,1,1
3050,21,Water,Stable,Stable Water,78.74,0,1,1,-1,1,1
3051,21,Water,Stable,Stable Water,78.74,0,1,1,-1,1,1
3052,21,Water,Stable,Stable Water,78.74,0,1,1,-1,1,1
3053,21,Water,Stable,Stable Water,78.74,0,1,1,-1,1,1
3054,21,Water,Stable,Stable Water,78.74,0,1,1,-1,1,1
3055,21,Water,Stable,Stable Water,78.74,0,1,1,-1,1,1
3056,21,Water,Stable,Stable Water,78.74,0,1,1,-1,1,1
3057,21,Water,Stable,Stable Water,78.74,0,1,1,-1,1,1
3058,21,Water,Stable,Stable Water,78.74,0,1,1,-1,1,1
3059,21,Water,Stable,Stable Water,78.74,0,1,1,-1,1,1
3060,21,Water,Stable,Stable Water,78.74,0,1,1,-1,1,1
3061,21,Water,Stable,Stable Water,78.74,0,1,1,-1,1,1
3062,21,Water,Stable,Stable Water,78.74,0,1,1,-1,1,1
3063,21,Water,Stable,Stable Water,78.74,0,1,1,-1,1,1
3064,21,Water,Stable,Stable Water,78.74,0,1,1,-1,1,1
3065,21,Water,Stable,Stable Water,78.74,0,1,1,-1,1,1
3066,21,Water,Stable,Stable Water,78.74,0,1,1,-1,1,1
3067,21,Water,Stable,Stable Water,78.74,0,1,1,-1,1,1
3068,21,Water,Stable,Stable Water,78.74,0,1,1,-1,1,1
3069,21,Water,Stable,Stable Water,78.74,0,1,1,-1,1,1
3070,21,Water,Stable,Stable Water,78.74,0,1,1,-1,1,1
3071,21,Water,Stable,Stable Water,78.74,0,1,1,-1,1,1
3072,21,Water,Stable,Stable Water,78.74,0,1,1,-1,1,1
3073,21,Water,Stable,Stable Water,78.74,0,1,1,-1,1,1
3074,21,Water,Stable,Stable Water,78.74,0,1,1,-1,1,1
3075,21,Water,Stable,Stable Water,78.74,0,1,1,-1,1,1
3076,21,Water,Stable,Stable Water,78.74,0,1,1,-1,1,1
3077,21,Water,Stable,Stable Water,78.74,0,1,1,-1,1,1
3078,21,Water,Stable,Stable Water,78.74,0,1,1,-1,1,1
3079,21,Water,Stable,Stable Water,83.33,0,1,1,-1,1,1
3080,21,Water,Stable,Stable Water,83.33,0,1,1,-1,1,1
3081,21,Water,Stable,Stable Water,83.33,0,1,1,-1,1,1
3082,21,Water,Stable,Stable Water,83.33,0,1,1,-1,1,1
3083,21,Water,Stable,Stable Water,83.33,0,1,1,-1,1,1
3084,21,Water,Stable,Stable Water,83.33,0,1,1,-1,1,1
3085,21,Water,Stable,Stable Water,83.33,0,1,1,-1,1,1
3086,21,Water,Stable,Stable Water,83.33,0,1,1,-1,1,1
3087,21,Water,Stable,Stable Water,83.33,0,1,1,-1,1,1
3088,21,Water,Stable,Stable Water,83.33,0,1,1,-1,1,1
3089,21,Water,Stable,Stable Water,83.33,0,1,1,-1,1,1
3090,21,Water,Stable,Stable Water,83.33,0,1,1,-1,1,1
3091,21,Water,Stable,Stable Water,83.33,0,1,1,-1,1,1
3092,21,Water,Stable,Stable Water,83.33,0,1,1,-1,1,1
3093,21,Water,Stable,Stable Water,83.33,0,1,1,-1,1,1
3094,21,Water,Stable,Stable Water,83.33,0,1,1,-1,1,1
3095,21,Water,Stable,Stable Water,83.33,0,1,1,-1,1,1
3096,21,Water,Stable,Stable Water,83.33,0,1,1,-1,1,1
3097,21,Water,Stable,Stable Water,83.33,0,1,1,-1,1,1
3098,21,Water,Stable,Stable Water,83.33,0,1,1,-1,1,1
3099,21,Water,Stable,Stable Water,83.33,0,1,1,-1,1,1
3100,21,Water,Stable,Stable Water,83.33,0,1,1,-1,1,1
3101,21,Water,Stable,Stable Water,83.33,0,1,1,-1,1,1
3102,21,Water,Stable,Stable Water,83.33,0,1,1,-1,1,1
3103,21,Water,Stable,Stable Water,83.33,0,1,1,-1,1,1
3104,21,Water,Stable,Stable Water,83.33,0,1,1,-1,1,1
3105,21,Water,Stable,Stable Water,83.33,0,1,1,-1,1,1
3106,21,Water,Stable,Stable Water,83.33,0,1,1,-1,1,1
3107,21,Water,Stable,Stable Water,83.33,0,1,1,-1,1,1
3108,21,Water,Stable,Stable Water,83.33,0,1,1,-1,1,1
3109,21,Water,Stable,Stable Water,83.33,0,1,1,-1,1,1
3110,21,Water,Stable,Stable Water,83.33,0,1,1,-1,1,1
3111,21,Water,Stable,Stable Water,83.33,0,1,1,-1,1,1
3112,21,Water,Stable,Stable Water,83.33,0,1,1,-1,1,1
3113,21,Water,Stable,Stable Water,83.33,0,1,1,-1,1,1
3114,21,Water,Stable,Stable Water,83.33,0,1,1,-1,1,1
3115,21,Water,Stable,Stable Water,83.33,0,1,1,-1,1,1
3116,21,Water,Stable,Stable Water,83.33,0,1,1,-1,1,1
3117,21,Water,Stable,Stable Water,83.33,0,1,1,-1,1,1
3118,21,Water,Stable,Stable Water,83.33,0,1,1,-1,1,1
3119,21,Water,Stable,Stable Water,83.33,0,1,1,-1,1,1
3120,21,Water,Stable,Stable Water,83.33,0,1,1,-1,1,1
3121,21,Water,Stable,Stable Water,83.33,0,1,1,-1,1,1
3122,21,Water,Stable,Stable Water,83.33,0,1,1,-1,1,1
3123,21,Water,Stable,Stable Water,83.33,0,1,1,-1,1,1
3124,21,Water,Stable,Stable Water,83.33,0,1,1,-1,1,1
3125,21,Water,Stable,Stable Water,83.33,0,1,1,-1,1,1
3126,21,Water,Stable,Stable Water,83.33,0,1,1,-1,1,1
3127,21,Water,Stable,Stable Water,83.33,0,1,1,-1,1,1
3128,21,Water,Stable,Stable Water,83.33,0,1,1,-1,1,1
3129,21,Water,Stable,Stable Water,83.33,0,1,1,-1,1,1
3130,21,Water,Stable,Stable Water,83.33,0,1,1,-1,1,1
3131,21,Water,Stable,Stable Water,83.33,0,1,1,-1,1,1
3132,21,Water,Stable,Stable Water,83.33,0,1,1,-1,1,1
3133,21,Water,Stable,Stable Water,83.33,0,1,1,-1,1,1
3134,21,Water,Stable,Stable Water,83.33,0,1,1,-1,1,1
3135,21,Water,Stable,Stable Water,83.33,0,1,1,-1,1,1
3136,21,Water,Stable,Stable Water,83.33,0,1,1,-1,1,1
3137,21,Water,Stable,Stable Water,83.33,0,1,1,-1,1,1
3138,21,Water,Stable,Stable Water,83.33,0,1,1,-1,1,1
3139,21,Water,Stable,Stable Water,83.33,0,1,1,-1,1,1
3140,21,Water,Stable,Stable Water,83.33,0,1,1,-1,1,1
3141,21,Water,Stable,Stable Water,83.33,0,1,1,-1,1,1
3142,21,Water,Stable,Stable Water,83.33,0,1,1,-1,1,1
3143,21,Water,Stable,Stable Water,83.33,0,1,1,-1,1,1
3144,21,Water,Stable,Stable Water,83.33,0,1,1,-1,1,1
3145,21,Water,Stable,Stable Water,83.33,0,1,1,-1,1,1
3146,21,Water,Stable,Stable Water,83.33,0,1,1,-1,1,1
3147,21,Water,Stable,Stable Water,83.33,0,1,1,-1,1,1
3148,21,Water,Stable,Stable Water,83.33,0,1,1,-1,1,1
3149,21,Water,Stable,Stable Water,83.33,0,1,1,-1,1,1
3150,21,Water,Stable,Stable Water,83.33,0,1,1,-1,1,1
3151,21,Water,Stable,Stable Water,83.33,0,1,1,-1,1,1
3152,21,Water,Stable,Stable Water,83.33,0,1,1,-1,1,1
3153,21,Water,Stable,Stable Water,83.33,0,1,1,-1,1,1
3154,21,Water,Stable,Stable Water,83.33,0,1,1,-1,1,1
3155,21,Water,Stable,Stable Water,83.33,0,1,1,-1,1,1
3156,21,Water,Stable,Stable Water,83.33,0,1,1,-1,1,1
3157,21,Water,Stable,Stable Water,83.33,0,1,1,-1,1,1
3158,21,Water,Stable,Stable Water,83.33,0,1,1,-1,1,1
3159,21,Water,Stable,Stable Water,83.33,0,1,1,-1,1,1
3160,21,Water,Stable,Stable Water,83.33,0,1,1,-1,1,1
3161,21,Water,Stable,Stable Water,83.33,0,1,1,-1,1,1
3162,21,Water,Stable,Stable Water,83.33,0,1,1,-1,1,1
3163,21,Water,Stable,Stable Water,83.33,0,1,1,-1,1,1
3164,21,Water,Stable,Stable Water,83.33,0,1,1,-1,1,1
3165,21,Water,Stable,Stable Water,83.33,0,1,1,-1,1,1
3166,21,Water,Stable,Stable Water,83.33,0,1,1,-1,1,1
3167,21,Water,Stable,Stable Water,83.33,0,1,1,-1,1,1
3168,21,Water,Stable,Stable Water,83.33,0,1,1,-1,1,1
3169,21,Water,Stable,Stable Water,83.33,0,1,1,-1,1,1
3170,21,Water,Stable,Stable Water,83.33,0,1,1,-1,1,1
3171,21,Water,Stable,Stable Water,83.33,0,1,1,-1,1,1
3172,21,Water,Stable,Stable Water,83.33,0,1,1,-1,1,1
3173,21,Water,Stable,Stable Water,83.33,0,1,1,-1,1,1
3174,21,Water,Stable,Stable Water,83.33,0,1,1,-1,1,1
3175,21,Water,Stable,Stable Water,83.33,0,1,1,-1,1,1
3176,21,Water,Stable,Stable Water,83.33,0,1,1,-1,1,1
3177,21,Water,Stable,Stable Water,83.33,0,1,1,-1,1,1
3178,21,Water,Stable,Stable Water,83.33,0,1,1,-1,1,1
3179,21,Water,Stable,Stable Water,83.33,0,1,1,-1,1,1
3180,21,Water,Stable,Stable Water,83.33,0,1,1,-1,1,1
3181,21,Water,Stable,Stable Water,83.33,0,1,1,-1,1,1
3182,21,Water,Stable,Stable Water,83.33,0,1,1,-1,1,1
3183,21,Water,Stable,Stable Water,83.33,0,1,1,-1,1,1
3184,21,Water,Stable,Stable Water,83.33,0,1,1,-1,1,1
3185,21,Water,Stable,Stable Water,83.33,0,1,1,-1,1,1
3186,21,Water,Stable,Stable Water,83.33,0,1,1,-1,1,1
3187,21,Water,Stable,Stable Water,83.33,0,1,1,-1,1,1
3188,21,Water,Stable,Stable Water,83.33,0,1,1,-1,1,1
3189,21,Water,Stable,Stable Water,83.33,0,1,1,-1,1,1
3190,21,Water,Stable,Stable Water,83.33,0,1,1,-1,1,1
3191,21,Water,Stable,Stable Water,83.33,0,1,1,-1,1,1
3192,21,Water,Stable,Stable Water,83.33,0,1,1,-1,1,1
3193,21,Water,Stable,Stable Water,83.33,0,1,1,-1,1,1
3194,21,Water,Stable,Stable Water,83.33,0,1,1,-1,1,1
3195,21,Water,Stable,Stable Water,83.33,0,1,1,-1,1,1
3196,21,Water,Stable,Stable Water,83.33,0,1,1,-1,1,1
3197,21,Water,Stable,Stable Water,83.33,0,1,1,-1,1,1
3198,21,Water,Stable,Stable Water,83.33,0,1,1,-1,1,1
3199,21,Water,Stable,Stable Water,83.33,0,1,1,-1,1,1
3200,21,Water,Stable,Stable Water,83.33,0,1,1,-1,1,1
3201,21,Water,Stable,Stable Water,83.33,0,1,1,-1,1,1
3202,21,Water,Stable,Stable Water,83.33,0,1,1,-1,1,1
3203,21,Water,Stable,Stable Water,83.33,0,1,1,-1,1,1
3204,21,Water,Stable,Stable Water,83.33,0,1,1,-1,1,1
3205,21,Water,Stable,Stable Water,83.33,0,1,1,-1,1,1
3206,21,Water,Stable,Stable Water,83.33,0,1,1,-1,1,1
3207,21,Water,Stable,Stable Water,83.33,0,1,1,-1,1,1
3208,21,Water,Stable,Stable Water,83.33,0,1,1,-1,1,1
3209,21,Water,Stable,Stable Water,83.33,0,1,1,-1,1,1
3210,21,Water,Stable,Stable Water,83.33,0,1,1,-1,1,1
3211,21,Water,Stable,Stable Water,83.33,0,1,1,-1,1,1
3212,21,Water,Stable,Stable Water,83.33,0,1,1,-1,1,1
3213,21,Water,Stable,Stable Water,83.33,0,1,1,-1,1,1
3214,21,Water,Stable,Stable Water,83.33,0,1,1,-1,1,1
3215,21,Water,Stable,Stable Water,83.33,0,1,1,-1,1,1
3216,21,Water,Stable,Stable Water,83.33,0,1,1,-1,1,1
3217,21,Water,Stable,Stable Water,83.33,0,1,1,-1,1,1
3218,21,Water,Stable,Stable Water,83.33,0,1,1,-1,1,1
3219,21,Water,Stable,Stable Water,83.33,0,1,1,-1,1,1
3220,21,Water,Stable,Stable Water,83.33,0,1,1,-1,1,1
3221,21,Water,Stable,Stable Water,83.33,0,1,1,-1,1,1
3222,21,Water,Stable,Stable Water,83.33,0,1,1,-1,1,1
3223,21,Water,Stable,Stable Water,83.33,0,1,1,-1,1,1
3224,21,Water,Stable,Stable Water,83.33,0,1,1,-1,1,1
3225,21,Water,Stable,Stable Water,83.33,0,1,1,-1,1,1
3226,21,Water,Stable,Stable Water,83.33,0,1,1,-1,1,1
3227,21,Water,Stable,Stable Water,83.33,0,1,1,-1,1,1
3228,21,Water,Stable,Stable Water,83.33,0,1,1,-1,1,1
3229,21,Water,Stable,Stable Water,83.33,0,1,1,-1,1,1
3230,21,Water,Stable,Stable Water,83.33,0,1,1,-1,1,1
3231,21,Water,Stable,Stable Water,83.33,0,1,1,-1,1,1
3232,21,Water,Stable,Stable Water,83.33,0,1,1,-1,1,1
3233,21,Water,Stable,Stable Water,83.33,0,1,1,-1,1,1
3234,21,Water,Stable,Stable Water,83.33,0,1,1,-1,1,1
3235,21,Water,Stable,Stable Water,83.33,0,1,1,-1,1,1
3236,21,Water,Stable,Stable Water,83.33,0,1,1,-1,1,1
3237,21,Water,Stable,Stable Water,83.33,0,1,1,-1,1,1
3238,21,Water,Stable,Stable Water,83.33,0,1,1,-1,1,1
3239,21,Water,Stable,Stable Water,83.33,0,1,1,-1,1,1
3240,21,Water,Stable,Stable Water,83.33,0,1,1,-1,1,1
3241,21,Water,Stable,Stable Water,83.33,0,1,1,-1,1,1
3242,21,Water,Stable,Stable Water,83.33,0,1,1,-1,1,1
3243,21,Water,Stable,Stable Water,83.33,0,1,1,-1,1,1
3244,21,Water,Stable,Stable Water,83.33,0,1,1,-1,1,1
3245,21,Water,Stable,Stable Water,83.33,0,1,1,-1,1,1
3246,21,Water,Stable,Stable Water,83.33,0,1,1,-1,1,1
3247,21,Water,Stable,Stable Water,83.33,0,1,1,-1,1,1
3248,21,Water,Stable,Stable Water,83.33,0,1,1,-1,1,1
3249,21,Water,Stable,Stable Water,83.33,0,1,1,-1,1,1
3250,21,Water,Stable,Stable Water,83.33,0,1,1,-1,1,1
3251,21,Water,Stable,Stable Water,83.33,0,1,1,-1,1,1
3252,21,Water,Stable,Stable Water,83.33,0,1,1,-1,1,1
3253,21,Water,Stable,Stable Water,83.33,0,1,1,-1,1,1
3254,21,Water,Stable,Stable Water,83.33,0,1,1,-1,1,1
3255,21,Water,Stable,Stable Water,83.33,0,1,1,-1,1,1
3256,21,Water,Stable,Stable Water,83.33,0,1,1,-1,1,1
3257,21,Water,Stable,Stable Water,83.33,0,1,1,-1,1,1
3258,21,Water,Stable,Stable Water,83.33,0,1,1,-1,1,1
3259,21,Water,Stable,Stable Water,83.33,0,1,1,-1,1,1
3260,21,Water,Stable,Stable Water,83.33,0,1,1,-1,1,1
3261,21,Water,Stable,Stable Water,83.33,0,1,1,-1,1,1
3262,21,Water,Stable,Stable Water,83.33,0,1,1,-1,1,1
3263,21,Water,Stable,Stable Water,83.33,0,1,1,-1,1,1
3264,21,Water,Stable,Stable Water,83.33,0,1,1,-1,1,1
3265,21,Water,Stable,Stable Water,83.33,0,1,1,-1,1,1
3266,21,Water,Stable,Stable Water,83.33,0,1,1,-1,1,1
3267,21,Water,Stable,Stable Water,83.33,0,1,1,-1,1,1
3268,21,Water,Stable,Stable Water,83.33,0,1,1,-1,1,1
3269,21,Water,Stable,Stable Water,83.33,0,1,1,-1,1,1
3270,21,Water,Stable,Stable Water,83.33,0,1,1,-1,1,1
3271,21,Water,Stable,Stable Water,83.33,0,1,1,-1,1,1
3272,21,Water,Stable,Stable Water,83.33,0,1,1,-1,1,1
3273,21,Water,Stable,Stable Water,83.33,0,1,1,-1,1,1
3274,21,Water,Stable,Stable Water,83.33,0,1,1,-1,1,1
3275,21,Water,Stable,Stable Water,83.33,0,1,1,-1,1,1
3276,21,Water,Stable,Stable Water,83.33,0,1,1,-1,1,1
3277,21,Water,Stable,Stable Water,83.33,0,1,1,-1,1,1
3278,21,Water,Stable,Stable Water,83.33,0,1,1,-1,1,1
3279,22,Oil,Transition,Transition Oil,43.977,-8.22,1,1,-1,-1,-1
3280,22,Oil,Transition,Transition Oil,34.615,-7.04,-1,1,-1,-1,-1
3281,22,Oil,Transition,Transition Oil,28.624,-4.02,-1,1,-1,-1,-1
3282,22,Oil,Transition,Transition Oil,24.596,-3.19,-1,1,-1,-1,-1
3283,22,Oil,Transition,Transition Oil,22.098,-1.68,-1,1,-1,-1,-1
3284,22,Oil,Transition,Transition Oil,20.453,-1.34,-1,1,-1,-1,-1
3285,22,Oil,Transition,Transition Oil,19.33,-1.01,-1,1,-1,-1,-1
3286,22,Oil,Transition,Transition Oil,18.388,-0.84,-1,-1,-1,-1,-1
3287,22,Oil,Transition,Transition Oil,17.552,-0.509999999999998,-1,-1,-1,-1,1
3288,22,Oil,Transition,Transition Oil,17.128,-0.170000000000002,-1,-1,1,-1,-1
3289,22,Oil,Transition,Transition Oil,16.763,-0.34,-1,-1,-1,-1,-1
3290,22,Oil,Transition,Transition Oil,16.176,-0.500000000000002,-1,-1,-1,-1,-1
3291,22,Oil,Transition,Transition Oil,15.634,-0.17,-1,-1,1,-1,-1
3292,22,Oil,Transition,Transition Oil,15.406,-0.17,-1,-1,1,-1,-1
3293,22,Oil,Transition,Transition Oil,15.117,-0.34,-1,-1,-1,-1,-1
3294,22,Oil,Transition,Transition Oil,14.914,0,-1,-1,1,-1,-1
3295,22,Oil,Transition,Transition Oil,14.85,-0.16,-1,-1,1,-1,-1
3296,22,Oil,Transition,Transition Oil,14.77,0,-1,-1,1,-1,-1
3297,23,Water,Transition,Transition Water,27.298,7.39,-1,1,1,1,1
3298,23,Water,Transition,Transition Water,32.6,2.85,-1,1,1,1,1
3299,23,Water,Transition,Transition Water,32.6,2.85,-1,1,1,1,1
3300,23,Water,Transition,Transition Water,35.25,1.84,-1,1,1,1,1
3301,23,Water,Transition,Transition Water,37.215,1.68000000000001,-1,1,1,1,1
3302,23,Water,Transition,Transition Water,39.027,1.67,-1,1,1,1,1
3303,23,Water,Transition,Transition Water,40.688,1.51,1,1,1,1,1
3304,23,Water,Transition,Transition Water,42.299,1.34,1,1,1,1,1
3305,23,Water,Transition,Transition Water,43.859,1.34,1,1,1,1,1
3306,23,Water,Transition,Transition Water,45.285,1.34,1,1,1,1,1
3307,23,Water,Transition,Transition Water,46.679,1.01,1,1,1,1,1
3308,23,Water,Transition,Transition Water,47.969,1.01000000000001,1,1,1,1,1
3309,23,Water,Transition,Transition Water,49.162,1,1,1,1,1,1
3310,23,Water,Transition,Transition Water,50.184,0.840000000000003,1,1,1,1,1
3311,23,Water,Transition,Transition Water,51.057,0.839999999999996,1,1,1,1,1
3312,23,Water,Transition,Transition Water,51.896,0.670000000000002,1,1,1,1,1
3313,23,Water,Transition,Transition Water,52.633,0.670000000000002,1,1,1,1,1
3314,23,Water,Transition,Transition Water,53.238,0.5,1,1,1,1,1
3315,23,Water,Transition,Transition Water,53.707,0.509999999999998,1,1,1,1,1
3316,23,Water,Transition,Transition Water,54.192,0.329999999999998,1,1,1,1,1
3317,23,Water,Transition,Transition Water,54.649,0.509999999999998,1,1,1,1,1
3318,24,Oil,Transition,Transition Oil,53.558,-1.34,1,1,-1,-1,-1
3319,24,Oil,Transition,Transition Oil,53.558,-1.34,1,1,-1,-1,-1
3320,24,Oil,Transition,Transition Oil,50.437,-5.04000000000001,1,1,-1,-1,-1
3321,24,Oil,Transition,Transition Oil,42.768,-8.22,1,1,-1,-1,-1
3322,24,Oil,Transition,Transition Oil,34.377,-6.04,-1,1,-1,-1,-1
3323,24,Oil,Transition,Transition Oil,28.809,-4.19,-1,1,-1,-1,-1
3324,24,Oil,Transition,Transition Oil,25.033,-2.68,-1,1,-1,-1,-1
3325,24,Oil,Transition,Transition Oil,22.533,-2.02,-1,1,-1,-1,-1
3326,24,Oil,Transition,Transition Oil,20.419,-1.68,-1,1,-1,-1,-1
3327,24,Oil,Transition,Transition Oil,18.758,-1.34,-1,1,-1,-1,-1
3328,24,Oil,Transition,Transition Oil,17.668,-0.669999999999998,-1,-1,-1,-1,-1
3329,24,Oil,Transition,Transition Oil,16.963,-0.5,-1,-1,-1,-1,-1
3330,24,Oil,Transition,Transition Oil,16.526,-0.5,-1,-1,-1,-1,-1
3331,24,Oil,Transition,Transition Oil,16.11,-0.340000000000002,-1,-1,-1,-1,-1
3332,24,Oil,Transition,Transition Oil,15.77,-0.34,-1,-1,-1,-1,-1
3333,24,Oil,Transition,Transition Oil,15.536,-0.16,-1,-1,1,-1,-1
3334,24,Oil,Transition,Transition Oil,15.355,-0.17,-1,-1,1,-1,-1
3335,24,Oil,Transition,Transition Oil,15.202,-0.17,-1,-1,1,-1,-1
3336,24,Oil,Transition,Transition Oil,15.1,0,-1,-1,1,-1,-1
3337,24,Oil,Transition,Transition Oil,15.032,-0.17,-1,-1,1,-1,-1
3338,25,Water,Transition,Transition Water,29.479,5.88,-1,1,1,1,1
3339,25,Water,Transition,Transition Water,33.893,2.69,-1,1,1,1,1
3340,25,Water,Transition,Transition Water,36.257,1.51,-1,1,1,1,1
3341,25,Water,Transition,Transition Water,37.936,1.34,-1,1,1,1,1
3342,25,Water,Transition,Transition Water,39.362,1.51,-1,1,1,1,1
3343,25,Water,Transition,Transition Water,40.738,1.34,1,1,1,1,1
3344,25,Water,Transition,Transition Water,42.063,1.18,1,1,1,1,1
3345,25,Water,Transition,Transition Water,43.288,1.17,1,1,1,1,1
3346,25,Water,Transition,Transition Water,44.312,1.01,1,1,1,1,1
3347,25,Water,Transition,Transition Water,45.185,0.840000000000003,1,1,1,1,1
3348,25,Water,Transition,Transition Water,46.074,0.5,1,1,1,1,1
3349,25,Water,Transition,Transition Water,46.845,0.670000000000002,1,1,1,1,1
3350,25,Water,Transition,Transition Water,47.585,0.840000000000003,1,1,1,1,1
3351,25,Water,Transition,Transition Water,48.288,0.669999999999995,1,1,1,1,1
3352,25,Water,Transition,Transition Water,48.745,0.170000000000002,1,1,1,1,1
3353,25,Water,Transition,Transition Water,49.076,0.5,1,1,1,1,1
3354,25,Water,Transition,Transition Water,46.845,0.670000000000002,1,1,1,1,1
3355,25,Water,Transition,Transition Water,47.585,0.840000000000003,1,1,1,1,1
3356,25,Water,Transition,Transition Water,48.288,0.669999999999995,1,1,1,1,1
3357,25,Water,Transition,Transition Water,48.745,0.170000000000002,1,1,1,1,1
3358,25,Water,Transition,Transition Water,49.076,0.5,1,1,1,1,1
3359,25,Water,Transition,Transition Water,49.529,0.670000000000002,1,1,1,1,1
3360,25,Water,Transition,Transition Water,50.235,0.5,1,1,1,1,1
3361,25,Water,Transition,Transition Water,50.602,0.509999999999998,1,1,1,1,1
3362,25,Water,Transition,Transition Water,51.122,0.160000000000004,1,1,1,1,1
3363,26,Oil,Transition,Transition Oil,50.821,-1,1,1,-1,-1,-1
3364,26,Oil,Transition,Transition Oil,49.245,-2.01,1,1,-1,-1,-1
3365,26,Oil,Transition,Transition Oil,45.538,-4.86,1,1,-1,-1,-1
3366,26,Oil,Transition,Transition Oil,37.4,-8.22,-1,1,-1,-1,-1
3367,26,Oil,Transition,Transition Oil,29.949,-5.71,-1,1,-1,-1,-1
3368,26,Oil,Transition,Transition Oil,25.068,-3.53,-1,1,-1,-1,-1
3369,26,Oil,Transition,Transition Oil,21.796,-2.35,-1,1,-1,-1,-1
3370,26,Oil,Transition,Transition Oil,19.413,-1.85,-1,1,-1,-1,-1
3371,26,Oil,Transition,Transition Oil,17.971,-0.84,-1,-1,-1,-1,-1
3372,26,Oil,Transition,Transition Oil,17.232,-0.670000000000002,-1,-1,-1,-1,-1
3373,26,Oil,Transition,Transition Oil,16.661,-0.509999999999998,-1,-1,-1,-1,-1
3374,26,Oil,Transition,Transition Oil,16.212,-0.170000000000002,-1,-1,1,-1,-1
3375,26,Oil,Transition,Transition Oil,15.906,-0.34,-1,-1,-1,-1,-1
3376,26,Oil,Transition,Transition Oil,15.619,-0.33,-1,-1,-1,-1,-1
3377,26,Oil,Transition,Transition Oil,15.422,-0.17,-1,-1,1,-1,-1
3378,26,Oil,Transition,Transition Oil,15.236,-0.34,-1,-1,-1,-1,-1
3379,26,Oil,Transition,Transition Oil,15.083,-0.17,-1,-1,1,-1,-1
3380,26,Oil,Transition,Transition Oil,14.93,0,-1,-1,1,-1,-1
3381,26,Oil,Transition,Transition Oil,14.818,-0.16,-1,-1,1,-1,-1
3382,26,Oil,Transition,Transition Oil,14.736,0,-1,-1,1,-1,-1
3383,27,Water,Transition,Transition Water,28.943,7.05,-1,1,1,1,1
3384,27,Water,Transition,Transition Water,33.892,2.84999999999999,-1,1,1,1,1
3385,27,Water,Transition,Transition Water,36.274,1.68,-1,1,1,1,1
3386,27,Water,Transition,Transition Water,38.071,1.68,-1,1,1,1,1
3387,27,Water,Transition,Transition Water,39.833,1.67,-1,1,1,1,1
3388,27,Water,Transition,Transition Water,41.527,1.51,1,1,1,1,1
3389,27,Water,Transition,Transition Water,43.004,1.16999999999999,1,1,1,1,1
3390,27,Water,Transition,Transition Water,44.497,1.34,1,1,1,1,1
3391,27,Water,Transition,Transition Water,46.007,1.34,1,1,1,1,1
3392,27,Water,Transition,Transition Water,47.383,1.35,1,1,1,1,1
3393,27,Water,Transition,Transition Water,48.725,1.18,1,1,1,1,1
3394,27,Water,Transition,Transition Water,50.016,1,1,1,1,1,1
3395,27,Water,Transition,Transition Water,51.191,1.01,1,1,1,1,1
3396,27,Water,Transition,Transition Water,52.231,1,1,1,1,1,1
3397,27,Water,Transition,Transition Water,53.07,0.840000000000003,1,1,1,1,1
3398,27,Water,Transition,Transition Water,53.809,0.509999999999998,1,1,1,1,1
3399,27,Water,Transition,Transition Water,54.411,0.340000000000003,1,1,1,1,1
3400,27,Water,Transition,Transition Water,54.849,0.329999999999998,1,1,1,1,1
3401,27,Water,Transition,Transition Water,55.166,0.339999999999996,1,1,1,1,1
3402,27,Water,Transition,Transition Water,55.387,0,1,1,1,1,1
3403,28,Oil,Transition,Transition Oil,54.748,-1.17,1,1,-1,-1,-1
3404,28,Oil,Transition,Transition Oil,52.417,-3.52,1,1,-1,-1,-1
3405,28,Oil,Transition,Transition Oil,46.963,-5.7,1,1,-1,-1,-1
3406,28,Oil,Transition,Transition Oil,40.538,-6.55,1,1,-1,-1,-1
3407,28,Oil,Transition,Transition Oil,31.509,-8.06,-1,1,-1,-1,-1
3408,28,Oil,Transition,Transition Oil,25.437,-3.52,-1,1,-1,-1,-1
3409,28,Oil,Transition,Transition Oil,22.533,-2.02,-1,1,-1,-1,-1
3410,28,Oil,Transition,Transition Oil,20.554,-1.51,-1,1,-1,-1,-1
3411,28,Oil,Transition,Transition Oil,19.11,-1.01,-1,1,-1,-1,-1
3412,28,Oil,Transition,Transition Oil,17.938,-1.01,-1,-1,-1,-1,-1
3413,28,Oil,Transition,Transition Oil,17.031,-0.669999999999998,-1,-1,-1,-1,-1
3414,28,Oil,Transition,Transition Oil,16.627,-0.34,-1,-1,-1,-1,-1
3415,28,Oil,Transition,Transition Oil,16.228,-0.330000000000002,-1,-1,-1,-1,-1
3416,28,Oil,Transition,Transition Oil,15.906,-0.34,-1,-1,-1,-1,-1
3417,28,Oil,Transition,Transition Oil,15.552,-0.5,-1,-1,-1,-1,-1
3418,28,Oil,Transition,Transition Oil,15.27,0,-1,-1,1,-1,-1
3419,28,Oil,Transition,Transition Oil,15.185,-0.17,-1,-1,1,-1,-1
3420,28,Oil,Transition,Transition Oil,15.083,0,-1,-1,1,-1,-1
3421,28,Oil,Transition,Transition Oil,15.049,-0.17,-1,-1,1,-1,-1
3422,28,Oil,Transition,Transition Oil,14.947,-0.17,-1,-1,1,-1,-1
3423,29,Water,Transition,Transition Water,29.664,6.71,-1,1,1,1,1
3424,29,Water,Transition,Transition Water,34.631,2.86,-1,1,1,1,1
3425,29,Water,Transition,Transition Water,37.097,1.68,-1,1,1,1,1
3426,29,Water,Transition,Transition Water,38.876,1.51,-1,1,1,1,1
3427,29,Water,Transition,Transition Water,40.604,1.66999999999999,1,1,1,1,1
3428,29,Water,Transition,Transition Water,42.081,1.35,1,1,1,1,1
3429,29,Water,Transition,Transition Water,43.523,1.18,1,1,1,1,1
3430,29,Water,Transition,Transition Water,45,1.34,1,1,1,1,1
3431,29,Water,Transition,Transition Water,46.476,1.16999999999999,1,1,1,1,1
3432,29,Water,Transition,Transition Water,47.635,0.670000000000002,1,1,1,1,1
3433,29,Water,Transition,Transition Water,9.7,8,-1,-1,1,1,1
3434,29,Water,Transition,Transition Water,19.1,10,-1,1,1,1,1
3435,29,Water,Transition,Transition Water,29.5,9,-1,1,1,1,1
3436,30,Oil,Stable,Stable Oil,1.256,0,-1,-1,1,-1,-1
3437,30,Oil,Stable,Stable Oil,1.27,0,-1,-1,1,-1,-1
3438,30,Oil,Stable,Stable Oil,1.27,0,-1,-1,1,-1,-1
3439,30,Oil,Stable,Stable Oil,1.27,0,-1,-1,1,-1,-1
3440,30,Oil,Stable,Stable Oil,1.27,0,-1,-1,1,-1,-1
3441,30,Oil,Stable,Stable Oil,1.27,0,-1,-1,1,-1,-1
3442,30,Oil,Stable,Stable Oil,1.256,0,-1,-1,1,-1,-1
3443,30,Oil,Stable,Stable Oil,1.27,0,-1,-1,1,-1,-1
3444,30,Oil,Stable,Stable Oil,1.27,0,-1,-1,1,-1,-1
3445,30,Oil,Stable,Stable Oil,1.27,0,-1,-1,1,-1,-1
3446,30,Oil,Stable,Stable Oil,1.27,0,-1,-1,1,-1,-1
3447,30,Oil,Stable,Stable Oil,1.27,0,-1,-1,1,-1,-1
3448,30,Oil,Stable,Stable Oil,1.256,-0.14,-1,-1,1,-1,-1
3449,30,Oil,Stable,Stable Oil,1.242,0.14,-1,-1,1,-1,-1
3450,30,Oil,Stable,Stable Oil,1.242,0,-1,-1,1,-1,-1
3451,30,Oil,Stable,Stable Oil,1.2,0,-1,-1,1,-1,-1
3452,30,Oil,Stable,Stable Oil,1.242,0,-1,-1,1,-1,-1
3453,30,Oil,Stable,Stable Oil,1.256,0,-1,-1,1,-1,-1
3454,30,Oil,Stable,Stable Oil,1.214,0.14,-1,-1,1,-1,-1
3455,30,Oil,Stable,Stable Oil,1.242,0,-1,-1,1,-1,-1
3456,30,Oil,Stable,Stable Oil,1.242,0,-1,-1,1,-1,-1
3457,30,Oil,Stable,Stable Oil,1.256,-0.14,-1,-1,1,-1,-1
3458,30,Oil,Stable,Stable Oil,1.242,0,-1,-1,1,-1,-1
3459,30,Oil,Stable,Stable Oil,1.27,0,-1,-1,1,-1,-1
3460,30,Oil,Stable,Stable Oil,1.242,0,-1,-1,1,-1,-1
3461,30,Oil,Stable,Stable Oil,1.228,0,-1,-1,1,-1,-1
3462,30,Oil,Stable,Stable Oil,1.242,0,-1,-1,1,-1,-1
3463,30,Oil,Stable,Stable Oil,1.228,0,-1,-1,1,-1,-1
3464,30,Oil,Stable,Stable Oil,1.27,0,-1,-1,1,-1,-1
3465,30,Oil,Stable,Stable Oil,1.242,0.14,-1,-1,1,-1,-1
3466,30,Oil,Stable,Stable Oil,1.27,0,-1,-1,1,-1,-1
3467,30,Oil,Stable,Stable Oil,1.242,0,-1,-1,1,-1,-1
3468,30,Oil,Stable,Stable Oil,1.242,0,-1,-1,1,-1,-1
3469,30,Oil,Stable,Stable Oil,1.27,0,-1,-1,1,-1,-1
3470,30,Oil,Stable,Stable Oil,1.27,0,-1,-1,1,-1,-1
3471,30,Oil,Stable,Stable Oil,1.27,0,-1,-1,1,-1,-1
3472,30,Oil,Stable,Stable Oil,1.228,0.14,-1,-1,1,-1,-1
3473,30,Oil,Stable,Stable Oil,1.27,0,-1,-1,1,-1,-1
3474,30,Oil,Stable,Stable Oil,1.242,0,-1,-1,1,-1,-1
3475,30,Oil,Stable,Stable Oil,1.256,-0.14,-1,-1,1,-1,-1
3476,30,Oil,Stable,Stable Oil,1.27,0,-1,-1,1,-1,-1
3477,30,Oil,Stable,Stable Oil,1.27,0,-1,-1,1,-1,-1
3478,30,Oil,Stable,Stable Oil,1.228,-0.14,-1,-1,1,-1,-1
3479,30,Oil,Stable,Stable Oil,1.27,0,-1,-1,1,-1,-1
3480,30,Oil,Stable,Stable Oil,1.27,0,-1,-1,1,-1,-1
3481,30,Oil,Stable,Stable Oil,1.242,0,-1,-1,1,-1,-1
3482,30,Oil,Stable,Stable Oil,1.27,0,-1,-1,1,-1,-1
3483,30,Oil,Stable,Stable Oil,1.27,0,-1,-1,1,-1,-1
3484,30,Oil,Stable,Stable Oil,1.27,0,-1,-1,1,-1,-1
3485,30,Oil,Stable,Stable Oil,1.284,0,-1,-1,1,-1,-1
3486,30,Oil,Stable,Stable Oil,1.284,-0.14,-1,-1,1,-1,-1
3487,30,Oil,Stable,Stable Oil,1.27,0,-1,-1,1,-1,-1
3488,30,Oil,Stable,Stable Oil,1.27,0,-1,-1,1,-1,-1
3489,30,Oil,Stable,Stable Oil,1.27,0,-1,-1,1,-1,-1
3490,30,Oil,Stable,Stable Oil,1.27,0,-1,-1,1,-1,-1
3491,30,Oil,Stable,Stable Oil,1.284,0,-1,-1,1,-1,-1
3492,30,Oil,Stable,Stable Oil,1.27,0,-1,-1,1,-1,-1
3493,30,Oil,Stable,Stable Oil,1.27,0,-1,-1,1,-1,-1
3494,30,Oil,Stable,Stable Oil,1.27,0,-1,-1,1,-1,-1
3495,30,Oil,Stable,Stable Oil,1.256,0,-1,-1,1,-1,-1
3496,30,Oil,Stable,Stable Oil,1.256,0,-1,-1,1,-1,-1
3497,30,Oil,Stable,Stable Oil,1.256,0,-1,-1,1,-1,-1
3498,30,Oil,Stable,Stable Oil,1.228,0,-1,-1,1,-1,-1
3499,30,Oil,Stable,Stable Oil,1.27,0,-1,-1,1,-1,-1
3500,30,Oil,Stable,Stable Oil,1.27,0,-1,-1,1,-1,-1
3501,30,Oil,Stable,Stable Oil,1.27,0,-1,-1,1,-1,-1
3502,30,Oil,Stable,Stable Oil,1.27,0,-1,-1,1,-1,-1
3503,30,Oil,Stable,Stable Oil,1.256,0,-1,-1,1,-1,-1
3504,30,Oil,Stable,Stable Oil,1.27,0,-1,-1,1,-1,-1
3505,30,Oil,Stable,Stable Oil,1.27,0,-1,-1,1,-1,-1
3506,30,Oil,Stable,Stable Oil,1.256,0,-1,-1,1,-1,-1
3507,30,Oil,Stable,Stable Oil,1.27,0,-1,-1,1,-1,-1
3508,30,Oil,Stable,Stable Oil,1.27,0,-1,-1,1,-1,-1
3509,30,Oil,Stable,Stable Oil,1.27,0,-1,-1,1,-1,-1
3510,30,Oil,Stable,Stable Oil,1.242,-0.14,-1,-1,1,-1,-1
3511,30,Oil,Stable,Stable Oil,1.256,0,-1,-1,1,-1,-1
3512,30,Oil,Stable,Stable Oil,1.256,0,-1,-1,1,-1,-1
3513,30,Oil,Stable,Stable Oil,1.256,0.14,-1,-1,1,-1,-1
3514,30,Oil,Stable,Stable Oil,1.27,0,-1,-1,1,-1,-1
3515,30,Oil,Stable,Stable Oil,1.27,0,-1,-1,1,-1,-1
3516,30,Oil,Stable,Stable Oil,1.27,0,-1,-1,1,-1,-1
3517,30,Oil,Stable,Stable Oil,1.27,0,-1,-1,1,-1,-1
3518,30,Oil,Stable,Stable Oil,1.256,0,-1,-1,1,-1,-1
3519,30,Oil,Stable,Stable Oil,1.228,-0.14,-1,-1,1,-1,-1
3520,30,Oil,Stable,Stable Oil,1.256,-0.14,-1,-1,1,-1,-1
3521,30,Oil,Stable,Stable Oil,1.27,0,-1,-1,1,-1,-1
3522,30,Oil,Stable,Stable Oil,1.27,0,-1,-1,1,-1,-1
3523,30,Oil,Stable,Stable Oil,1.256,0,-1,-1,1,-1,-1
3524,30,Oil,Stable,Stable Oil,1.256,-0.14,-1,-1,1,-1,-1
3525,30,Oil,Stable,Stable Oil,1.27,0,-1,-1,1,-1,-1
3526,30,Oil,Stable,Stable Oil,1.27,0,-1,-1,1,-1,-1
3527,30,Oil,Stable,Stable Oil,1.27,0,-1,-1,1,-1,-1
3528,30,Oil,Stable,Stable Oil,1.27,0,-1,-1,1,-1,-1
3529,30,Oil,Stable,Stable Oil,1.27,0,-1,-1,1,-1,-1
3530,30,Oil,Stable,Stable Oil,1.27,0,-1,-1,1,-1,-1
3531,30,Oil,Stable,Stable Oil,1.27,0,-1,-1,1,-1,-1
3532,30,Oil,Stable,Stable Oil,1.256,0,-1,-1,1,-1,-1
3533,30,Oil,Stable,Stable Oil,1.256,0,-1,-1,1,-1,-1
3534,30,Oil,Stable,Stable Oil,1.242,0,-1,-1,1,-1,-1
3535,30,Oil,Stable,Stable Oil,1.27,0,-1,-1,1,-1,-1
3536,30,Oil,Stable,Stable Oil,1.27,0,-1,-1,1,-1,-1
3537,30,Oil,Stable,Stable Oil,1.27,0,-1,-1,1,-1,-1
3538,30,Oil,Stable,Stable Oil,1.27,0,-1,-1,1,-1,-1
3539,30,Oil,Stable,Stable Oil,1.27,0,-1,-1,1,-1,-1
3540,30,Oil,Stable,Stable Oil,1.27,0,-1,-1,1,-1,-1
3541,30,Oil,Stable,Stable Oil,1.256,0,-1,-1,1,-1,-1
3542,30,Oil,Stable,Stable Oil,1.27,0,-1,-1,1,-1,-1
3543,30,Oil,Stable,Stable Oil,1.256,-0.14,-1,-1,1,-1,-1
3544,30,Oil,Stable,Stable Oil,1.27,0,-1,-1,1,-1,-1
3545,30,Oil,Stable,Stable Oil,1.27,0,-1,-1,1,-1,-1
3546,30,Oil,Stable,Stable Oil,1.27,0,-1,-1,1,-1,-1
3547,30,Oil,Stable,Stable Oil,1.27,0,-1,-1,1,-1,-1
3548,30,Oil,Stable,Stable Oil,1.242,0,-1,-1,1,-1,-1
3549,30,Oil,Stable,Stable Oil,1.27,0,-1,-1,1,-1,-1
3550,30,Oil,Stable,Stable Oil,1.256,0,-1,-1,1,-1,-1
3551,30,Oil,Stable,Stable Oil,1.27,0,-1,-1,1,-1,-1
3552,30,Oil,Stable,Stable Oil,1.27,0,-1,-1,1,-1,-1
3553,30,Oil,Stable,Stable Oil,1.27,0,-1,-1,1,-1,-1
3554,30,Oil,Stable,Stable Oil,1.27,0,-1,-1,1,-1,-1
3555,30,Oil,Stable,Stable Oil,1.27,0,-1,-1,1,-1,-1
3556,30,Oil,Stable,Stable Oil,1.27,0,-1,-1,1,-1,-1
3557,30,Oil,Stable,Stable Oil,1.27,0,-1,-1,1,-1,-1
3558,30,Oil,Stable,Stable Oil,1.27,0,-1,-1,1,-1,-1
3559,30,Oil,Stable,Stable Oil,1.27,0,-1,-1,1,-1,-1
3560,30,Oil,Stable,Stable Oil,1.27,0,-1,-1,1,-1,-1
3561,30,Oil,Stable,Stable Oil,1.27,0,-1,-1,1,-1,-1
3562,30,Oil,Stable,Stable Oil,1.27,0,-1,-1,1,-1,-1
3563,30,Oil,Stable,Stable Oil,1.27,0,-1,-1,1,-1,-1
3564,30,Oil,Stable,Stable Oil,1.27,0,-1,-1,1,-1,-1
3565,30,Oil,Stable,Stable Oil,1.27,0,-1,-1,1,-1,-1
3566,30,Oil,Stable,Stable Oil,1.27,0,-1,-1,1,-1,-1
3567,30,Oil,Stable,Stable Oil,1.27,0,-1,-1,1,-1,-1
3568,30,Oil,Stable,Stable Oil,1.284,0.14,-1,-1,1,-1,-1
3569,30,Oil,Stable,Stable Oil,1.27,0,-1,-1,1,-1,-1
3570,30,Oil,Stable,Stable Oil,1.284,-0.14,-1,-1,1,-1,-1
3571,30,Oil,Stable,Stable Oil,1.27,0,-1,-1,1,-1,-1
3572,30,Oil,Stable,Stable Oil,1.27,0,-1,-1,1,-1,-1
3573,30,Oil,Stable,Stable Oil,1.27,0,-1,-1,1,-1,-1
3574,30,Oil,Stable,Stable Oil,1.27,0,-1,-1,1,-1,-1
3575,30,Oil,Stable,Stable Oil,1.27,0,-1,-1,1,-1,-1
3576,30,Oil,Stable,Stable Oil,1.27,0,-1,-1,1,-1,-1
3577,30,Oil,Stable,Stable Oil,1.27,0,-1,-1,1,-1,-1
3578,30,Oil,Stable,Stable Oil,1.27,0,-1,-1,1,-1,-1
3579,30,Oil,Stable,Stable Oil,1.284,0,-1,-1,1,-1,-1
3580,30,Oil,Stable,Stable Oil,1.27,0,-1,-1,1,-1,-1
3581,30,Oil,Stable,Stable Oil,1.27,0,-1,-1,1,-1,-1
3582,30,Oil,Stable,Stable Oil,1.27,0,-1,-1,1,-1,-1
3583,30,Oil,Stable,Stable Oil,1.284,0,-1,-1,1,-1,-1
3584,30,Oil,Stable,Stable Oil,1.27,0,-1,-1,1,-1,-1
3585,30,Oil,Stable,Stable Oil,1.37,0,-1,-1,1,-1,-1
3586,30,Oil,Stable,Stable Oil,1.37,0,-1,-1,1,-1,-1
3587,30,Oil,Stable,Stable Oil,1.37,0,-1,-1,1,-1,-1
3588,30,Oil,Stable,Stable Oil,1.37,0,-1,-1,1,-1,-1
3589,30,Oil,Stable,Stable Oil,1.37,0,-1,-1,1,-1,-1
3590,30,Oil,Stable,Stable Oil,1.37,0,-1,-1,1,-1,-1
3591,30,Oil,Stable,Stable Oil,1.37,0,-1,-1,1,-1,-1
3592,30,Oil,Stable,Stable Oil,1.37,0,-1,-1,1,-1,-1
3593,30,Oil,Stable,Stable Oil,1.37,0,-1,-1,1,-1,-1
3594,30,Oil,Stable,Stable Oil,1.37,0,-1,-1,1,-1,-1
3595,30,Oil,Stable,Stable Oil,1.37,0,-1,-1,1,-1,-1
3596,30,Oil,Stable,Stable Oil,1.37,0,-1,-1,1,-1,-1
3597,30,Oil,Stable,Stable Oil,1.37,0,-1,-1,1,-1,-1
3598,30,Oil,Stable,Stable Oil,1.37,0,-1,-1,1,-1,-1
3599,30,Oil,Stable,Stable Oil,1.37,0,-1,-1,1,-1,-1
3600,30,Oil,Stable,Stable Oil,1.37,0,-1,-1,1,-1,-1
3601,30,Oil,Stable,Stable Oil,1.37,0,-1,-1,1,-1,-1
3602,30,Oil,Stable,Stable Oil,1.37,0,-1,-1,1,-1,-1
3603,30,Oil,Stable,Stable Oil,1.37,0,-1,-1,1,-1,-1
3604,30,Oil,Stable,Stable Oil,1.37,0,-1,-1,1,-1,-1
3605,30,Oil,Stable,Stable Oil,1.37,0,-1,-1,1,-1,-1
3606,30,Oil,Stable,Stable Oil,1.37,0,-1,-1,1,-1,-1
3607,30,Oil,Stable,Stable Oil,1.37,0,-1,-1,1,-1,-1
3608,30,Oil,Stable,Stable Oil,1.37,0,-1,-1,1,-1,-1
3609,30,Oil,Stable,Stable Oil,1.37,0,-1,-1,1,-1,-1
3610,30,Oil,Stable,Stable Oil,1.37,0,-1,-1,1,-1,-1
3611,30,Oil,Stable,Stable Oil,1.37,0,-1,-1,1,-1,-1
3612,30,Oil,Stable,Stable Oil,1.37,0,-1,-1,1,-1,-1
3613,30,Oil,Stable,Stable Oil,1.37,0,-1,-1,1,-1,-1
3614,30,Oil,Stable,Stable Oil,1.37,0,-1,-1,1,-1,-1
3615,30,Oil,Stable,Stable Oil,1.37,0,-1,-1,1,-1,-1
3616,30,Oil,Stable,Stable Oil,1.37,0,-1,-1,1,-1,-1
3617,30,Oil,Stable,Stable Oil,1.37,0,-1,-1,1,-1,-1
3618,30,Oil,Stable,Stable Oil,1.37,0,-1,-1,1,-1,-1
3619,30,Oil,Stable,Stable Oil,1.37,0,-1,-1,1,-1,-1
3620,30,Oil,Stable,Stable Oil,1.37,0,-1,-1,1,-1,-1
3621,30,Oil,Stable,Stable Oil,1.37,0,-1,-1,1,-1,-1
3622,30,Oil,Stable,Stable Oil,1.37,0,-1,-1,1,-1,-1
3623,30,Oil,Stable,Stable Oil,1.37,0,-1,-1,1,-1,-1
3624,30,Oil,Stable,Stable Oil,1.37,0,-1,-1,1,-1,-1
3625,30,Oil,Stable,Stable Oil,1.37,0,-1,-1,1,-1,-1
3626,30,Oil,Stable,Stable Oil,1.37,0,-1,-1,1,-1,-1
3627,30,Oil,Stable,Stable Oil,1.37,0,-1,-1,1,-1,-1
3628,30,Oil,Stable,Stable Oil,1.37,0,-1,-1,1,-1,-1
3629,30,Oil,Stable,Stable Oil,1.37,0,-1,-1,1,-1,-1
3630,30,Oil,Stable,Stable Oil,1.37,0,-1,-1,1,-1,-1
3631,30,Oil,Stable,Stable Oil,1.37,0,-1,-1,1,-1,-1
3632,30,Oil,Stable,Stable Oil,1.37,0,-1,-1,1,-1,-1
3633,30,Oil,Stable,Stable Oil,1.37,0,-1,-1,1,-1,-1
3634,30,Oil,Stable,Stable Oil,1.37,0,-1,-1,1,-1,-1
3635,30,Oil,Stable,Stable Oil,1.37,0,-1,-1,1,-1,-1
3636,30,Oil,Stable,Stable Oil,1.37,0,-1,-1,1,-1,-1
3637,30,Oil,Stable,Stable Oil,1.37,0,-1,-1,1,-1,-1
3638,30,Oil,Stable,Stable Oil,1.37,0,-1,-1,1,-1,-1
3639,30,Oil,Stable,Stable Oil,1.37,0,-1,-1,1,-1,-1
3640,30,Oil,Stable,Stable Oil,1.37,0,-1,-1,1,-1,-1
3641,30,Oil,Stable,Stable Oil,1.37,0,-1,-1,1,-1,-1
3642,30,Oil,Stable,Stable Oil,1.37,0,-1,-1,1,-1,-1
3643,30,Oil,Stable,Stable Oil,1.37,0,-1,-1,1,-1,-1
3644,30,Oil,Stable,Stable Oil,1.37,0,-1,-1,1,-1,-1
3645,30,Oil,Stable,Stable Oil,1.37,0,-1,-1,1,-1,-1
3646,30,Oil,Stable,Stable Oil,1.37,0,-1,-1,1,-1,-1
3647,30,Oil,Stable,Stable Oil,1.37,0,-1,-1,1,-1,-1
3648,30,Oil,Stable,Stable Oil,1.37,0,-1,-1,1,-1,-1
3649,30,Oil,Stable,Stable Oil,1.37,0,-1,-1,1,-1,-1
3650,30,Oil,Stable,Stable Oil,1.37,0,-1,-1,1,-1,-1
3651,30,Oil,Stable,Stable Oil,1.37,0,-1,-1,1,-1,-1
3652,30,Oil,Stable,Stable Oil,1.37,0,-1,-1,1,-1,-1
3653,30,Oil,Stable,Stable Oil,1.37,0,-1,-1,1,-1,-1
3654,30,Oil,Stable,Stable Oil,1.37,0,-1,-1,1,-1,-1
3655,30,Oil,Stable,Stable Oil,1.37,0,-1,-1,1,-1,-1
3656,30,Oil,Stable,Stable Oil,1.37,0,-1,-1,1,-1,-1
3657,30,Oil,Stable,Stable Oil,1.37,0,-1,-1,1,-1,-1
3658,30,Oil,Stable,Stable Oil,1.37,0,-1,-1,1,-1,-1
3659,30,Oil,Stable,Stable Oil,1.37,0,-1,-1,1,-1,-1
3660,30,Oil,Stable,Stable Oil,1.37,0,-1,-1,1,-1,-1
3661,30,Oil,Stable,Stable Oil,1.37,0,-1,-1,1,-1,-1
3662,30,Oil,Stable,Stable Oil,1.37,0,-1,-1,1,-1,-1
3663,30,Oil,Stable,Stable Oil,1.37,0,-1,-1,1,-1,-1
3664,30,Oil,Stable,Stable Oil,1.37,0,-1,-1,1,-1,-1
3665,30,Oil,Stable,Stable Oil,1.37,0,-1,-1,1,-1,-1
3666,30,Oil,Stable,Stable Oil,1.37,0,-1,-1,1,-1,-1
3667,30,Oil,Stable,Stable Oil,1.37,0,-1,-1,1,-1,-1
3668,30,Oil,Stable,Stable Oil,1.37,0,-1,-1,1,-1,-1
3669,30,Oil,Stable,Stable Oil,1.37,0,-1,-1,1,-1,-1
3670,30,Oil,Stable,Stable Oil,1.37,0,-1,-1,1,-1,-1
3671,30,Oil,Stable,Stable Oil,1.37,0,-1,-1,1,-1,-1
3672,30,Oil,Stable,Stable Oil,1.37,0,-1,-1,1,-1,-1
3673,30,Oil,Stable,Stable Oil,1.37,0,-1,-1,1,-1,-1
3674,30,Oil,Stable,Stable Oil,1.37,0,-1,-1,1,-1,-1
3675,30,Oil,Stable,Stable Oil,1.37,0,-1,-1,1,-1,-1
3676,30,Oil,Stable,Stable Oil,1.37,0,-1,-1,1,-1,-1
3677,30,Oil,Stable,Stable Oil,1.37,0,-1,-1,1,-1,-1
3678,30,Oil,Stable,Stable Oil,1.37,0,-1,-1,1,-1,-1
3679,30,Oil,Stable,Stable Oil,1.37,0,-1,-1,1,-1,-1
3680,30,Oil,Stable,Stable Oil,1.37,0,-1,-1,1,-1,-1
3681,30,Oil,Stable,Stable Oil,1.37,0,-1,-1,1,-1,-1
3682,30,Oil,Stable,Stable Oil,1.37,0,-1,-1,1,-1,-1
3683,30,Oil,Stable,Stable Oil,1.37,0,-1,-1,1,-1,-1
3684,30,Oil,Stable,Stable Oil,1.37,0,-1,-1,1,-1,-1
3685,30,Oil,Stable,Stable Oil,1.37,0,-1,-1,1,-1,-1
3686,30,Oil,Stable,Stable Oil,1.37,0,-1,-1,1,-1,-1
3687,30,Oil,Stable,Stable Oil,1.37,0,-1,-1,1,-1,-1
3688,30,Oil,Stable,Stable Oil,1.37,0,-1,-1,1,-1,-1
3689,30,Oil,Stable,Stable Oil,1.37,0,-1,-1,1,-1,-1
3690,30,Oil,Stable,Stable Oil,1.37,0,-1,-1,1,-1,-1
3691,30,Oil,Stable,Stable Oil,1.37,0,-1,-1,1,-1,-1
3692,30,Oil,Stable,Stable Oil,1.37,0,-1,-1,1,-1,-1
3693,30,Oil,Stable,Stable Oil,1.37,0,-1,-1,1,-1,-1
3694,30,Oil,Stable,Stable Oil,1.37,0,-1,-1,1,-1,-1
3695,30,Oil,Stable,Stable Oil,1.37,0,-1,-1,1,-1,-1
3696,30,Oil,Stable,Stable Oil,1.37,0,-1,-1,1,-1,-1
3697,30,Oil,Stable,Stable Oil,1.37,0,-1,-1,1,-1,-1
3698,30,Oil,Stable,Stable Oil,1.37,0,-1,-1,1,-1,-1
3699,30,Oil,Stable,Stable Oil,1.37,0,-1,-1,1,-1,-1
3700,30,Oil,Stable,Stable Oil,1.37,0,-1,-1,1,-1,-1
3701,30,Oil,Stable,Stable Oil,1.37,0,-1,-1,1,-1,-1
3702,30,Oil,Stable,Stable Oil,1.37,0,-1,-1,1,-1,-1
3703,30,Oil,Stable,Stable Oil,1.37,0,-1,-1,1,-1,-1
3704,30,Oil,Stable,Stable Oil,1.37,0,-1,-1,1,-1,-1
3705,30,Oil,Stable,Stable Oil,1.37,0,-1,-1,1,-1,-1
3706,30,Oil,Stable,Stable Oil,1.37,0,-1,-1,1,-1,-1
3707,30,Oil,Stable,Stable Oil,1.37,0,-1,-1,1,-1,-1
3708,30,Oil,Stable,Stable Oil,1.37,0,-1,-1,1,-1,-1
3709,30,Oil,Stable,Stable Oil,1.37,0,-1,-1,1,-1,-1
3710,30,Oil,Stable,Stable Oil,1.37,0,-1,-1,1,-1,-1
3711,30,Oil,Stable,Stable Oil,1.37,0,-1,-1,1,-1,-1
3712,30,Oil,Stable,Stable Oil,1.37,0,-1,-1,1,-1,-1
3713,30,Oil,Stable,Stable Oil,1.37,0,-1,-1,1,-1,-1
3714,30,Oil,Stable,Stable Oil,1.37,0,-1,-1,1,-1,-1
3715,30,Oil,Stable,Stable Oil,1.37,0,-1,-1,1,-1,-1
3716,30,Oil,Stable,Stable Oil,1.37,0,-1,-1,1,-1,-1
3717,30,Oil,Stable,Stable Oil,1.37,0,-1,-1,1,-1,-1
3718,30,Oil,Stable,Stable Oil,1.37,0,-1,-1,1,-1,-1
3719,30,Oil,Stable,Stable Oil,1.37,0,-1,-1,1,-1,-1
3720,30,Oil,Stable,Stable Oil,1.37,0,-1,-1,1,-1,-1
3721,30,Oil,Stable,Stable Oil,1.37,0,-1,-1,1,-1,-1
3722,30,Oil,Stable,Stable Oil,1.37,0,-1,-1,1,-1,-1
3723,30,Oil,Stable,Stable Oil,1.37,0,-1,-1,1,-1,-1
3724,30,Oil,Stable,Stable Oil,1.37,0,-1,-1,1,-1,-1
3725,30,Oil,Stable,Stable Oil,1.386,0.16,-1,-1,1,-1,-1
3726,30,Oil,Stable,Stable Oil,1.37,0,-1,-1,1,-1,-1
3727,30,Oil,Stable,Stable Oil,1.37,0,-1,-1,1,-1,-1
3728,30,Oil,Stable,Stable Oil,1.37,0,-1,-1,1,-1,-1
3729,30,Oil,Stable,Stable Oil,1.37,0,-1,-1,1,-1,-1
3730,30,Oil,Stable,Stable Oil,1.37,0,-1,-1,1,-1,-1
3731,30,Oil,Stable,Stable Oil,1.37,0,-1,-1,1,-1,-1
3732,30,Oil,Stable,Stable Oil,1.37,0,-1,-1,1,-1,-1
3733,30,Oil,Stable,Stable Oil,1.37,0,-1,-1,1,-1,-1
3734,30,Oil,Stable,Stable Oil,1.45,0,-1,-1,1,-1,-1
3735,30,Oil,Stable,Stable Oil,1.45,0,-1,-1,1,-1,-1
3736,30,Oil,Stable,Stable Oil,1.45,0,-1,-1,1,-1,-1
3737,30,Oil,Stable,Stable Oil,1.45,0,-1,-1,1,-1,-1
3738,30,Oil,Stable,Stable Oil,1.45,0,-1,-1,1,-1,-1
3739,30,Oil,Stable,Stable Oil,1.45,0,-1,-1,1,-1,-1
3740,30,Oil,Stable,Stable Oil,1.45,0,-1,-1,1,-1,-1
3741,30,Oil,Stable,Stable Oil,1.45,0,-1,-1,1,-1,-1
3742,30,Oil,Stable,Stable Oil,1.45,0,-1,-1,1,-1,-1
3743,30,Oil,Stable,Stable Oil,1.45,0,-1,-1,1,-1,-1
3744,30,Oil,Stable,Stable Oil,1.45,0,-1,-1,1,-1,-1
3745,30,Oil,Stable,Stable Oil,1.45,0,-1,-1,1,-1,-1
3746,30,Oil,Stable,Stable Oil,1.45,0,-1,-1,1,-1,-1
3747,30,Oil,Stable,Stable Oil,1.45,0,-1,-1,1,-1,-1
3748,30,Oil,Stable,Stable Oil,1.45,0,-1,-1,1,-1,-1
3749,30,Oil,Stable,Stable Oil,1.45,0,-1,-1,1,-1,-1
3750,30,Oil,Stable,Stable Oil,1.45,0,-1,-1,1,-1,-1
3751,30,Oil,Stable,Stable Oil,1.45,0,-1,-1,1,-1,-1
3752,30,Oil,Stable,Stable Oil,1.45,0,-1,-1,1,-1,-1
3753,30,Oil,Stable,Stable Oil,1.45,0,-1,-1,1,-1,-1
3754,30,Oil,Stable,Stable Oil,1.45,0,-1,-1,1,-1,-1
3755,30,Oil,Stable,Stable Oil,1.45,0,-1,-1,1,-1,-1
3756,30,Oil,Stable,Stable Oil,1.45,0,-1,-1,1,-1,-1
3757,30,Oil,Stable,Stable Oil,1.45,0,-1,-1,1,-1,-1
3758,30,Oil,Stable,Stable Oil,1.45,0,-1,-1,1,-1,-1
3759,30,Oil,Stable,Stable Oil,1.45,0,-1,-1,1,-1,-1
3760,30,Oil,Stable,Stable Oil,1.45,0,-1,-1,1,-1,-1
3761,30,Oil,Stable,Stable Oil,1.45,0,-1,-1,1,-1,-1
3762,30,Oil,Stable,Stable Oil,1.45,0,-1,-1,1,-1,-1
3763,30,Oil,Stable,Stable Oil,1.45,0,-1,-1,1,-1,-1
3764,30,Oil,Stable,Stable Oil,1.45,0,-1,-1,1,-1,-1
3765,30,Oil,Stable,Stable Oil,1.45,0,-1,-1,1,-1,-1
3766,30,Oil,Stable,Stable Oil,1.45,0,-1,-1,1,-1,-1
3767,30,Oil,Stable,Stable Oil,1.45,0,-1,-1,1,-1,-1
3768,30,Oil,Stable,Stable Oil,1.45,0,-1,-1,1,-1,-1
3769,30,Oil,Stable,Stable Oil,1.45,0,-1,-1,1,-1,-1
3770,30,Oil,Stable,Stable Oil,1.45,0,-1,-1,1,-1,-1
3771,30,Oil,Stable,Stable Oil,1.45,0,-1,-1,1,-1,-1
3772,30,Oil,Stable,Stable Oil,1.45,0,-1,-1,1,-1,-1
3773,30,Oil,Stable,Stable Oil,1.45,0,-1,-1,1,-1,-1
3774,30,Oil,Stable,Stable Oil,1.45,0,-1,-1,1,-1,-1
3775,30,Oil,Stable,Stable Oil,1.45,0,-1,-1,1,-1,-1
3776,30,Oil,Stable,Stable Oil,1.45,0,-1,-1,1,-1,-1
3777,30,Oil,Stable,Stable Oil,1.45,0,-1,-1,1,-1,-1
3778,30,Oil,Stable,Stable Oil,1.45,0,-1,-1,1,-1,-1
3779,30,Oil,Stable,Stable Oil,1.45,0,-1,-1,1,-1,-1
3780,30,Oil,Stable,Stable Oil,1.45,0,-1,-1,1,-1,-1
3781,30,Oil,Stable,Stable Oil,1.45,0,-1,-1,1,-1,-1
3782,30,Oil,Stable,Stable Oil,1.45,0,-1,-1,1,-1,-1
3783,30,Oil,Stable,Stable Oil,1.45,0,-1,-1,1,-1,-1
3784,30,Oil,Stable,Stable Oil,1.45,0,-1,-1,1,-1,-1
3785,30,Oil,Stable,Stable Oil,1.45,0,-1,-1,1,-1,-1
3786,30,Oil,Stable,Stable Oil,1.45,0,-1,-1,1,-1,-1
3787,30,Oil,Stable,Stable Oil,1.45,0,-1,-1,1,-1,-1
3788,30,Oil,Stable,Stable Oil,1.45,0,-1,-1,1,-1,-1
3789,30,Oil,Stable,Stable Oil,1.45,0,-1,-1,1,-1,-1
3790,30,Oil,Stable,Stable Oil,1.45,0,-1,-1,1,-1,-1
3791,30,Oil,Stable,Stable Oil,1.45,0,-1,-1,1,-1,-1
3792,30,Oil,Stable,Stable Oil,1.45,0,-1,-1,1,-1,-1
3793,30,Oil,Stable,Stable Oil,1.45,0,-1,-1,1,-1,-1
3794,30,Oil,Stable,Stable Oil,1.45,0,-1,-1,1,-1,-1
3795,30,Oil,Stable,Stable Oil,1.45,0,-1,-1,1,-1,-1
3796,30,Oil,Stable,Stable Oil,1.45,0,-1,-1,1,-1,-1
3797,30,Oil,Stable,Stable Oil,1.45,0,-1,-1,1,-1,-1
3798,30,Oil,Stable,Stable Oil,1.45,0,-1,-1,1,-1,-1
3799,30,Oil,Stable,Stable Oil,1.45,0,-1,-1,1,-1,-1
3800,30,Oil,Stable,Stable Oil,1.45,0,-1,-1,1,-1,-1
3801,30,Oil,Stable,Stable Oil,1.45,0,-1,-1,1,-1,-1
3802,30,Oil,Stable,Stable Oil,1.45,0,-1,-1,1,-1,-1
3803,30,Oil,Stable,Stable Oil,1.45,0,-1,-1,1,-1,-1
3804,30,Oil,Stable,Stable Oil,1.45,0,-1,-1,1,-1,-1
3805,30,Oil,Stable,Stable Oil,1.45,0,-1,-1,1,-1,-1
3806,30,Oil,Stable,Stable Oil,1.45,0,-1,-1,1,-1,-1
3807,30,Oil,Stable,Stable Oil,1.45,0,-1,-1,1,-1,-1
3808,30,Oil,Stable,Stable Oil,1.45,0,-1,-1,1,-1,-1
3809,30,Oil,Stable,Stable Oil,1.45,0,-1,-1,1,-1,-1
3810,30,Oil,Stable,Stable Oil,1.45,0,-1,-1,1,-1,-1
3811,30,Oil,Stable,Stable Oil,1.45,0,-1,-1,1,-1,-1
3812,30,Oil,Stable,Stable Oil,1.45,0,-1,-1,1,-1,-1
3813,30,Oil,Stable,Stable Oil,1.45,0,-1,-1,1,-1,-1
3814,30,Oil,Stable,Stable Oil,1.45,0,-1,-1,1,-1,-1
3815,30,Oil,Stable,Stable Oil,1.45,0,-1,-1,1,-1,-1
3816,30,Oil,Stable,Stable Oil,1.45,0,-1,-1,1,-1,-1
3817,30,Oil,Stable,Stable Oil,1.45,0,-1,-1,1,-1,-1
3818,30,Oil,Stable,Stable Oil,1.45,0,-1,-1,1,-1,-1
3819,30,Oil,Stable,Stable Oil,1.45,0,-1,-1,1,-1,-1
3820,30,Oil,Stable,Stable Oil,1.45,0,-1,-1,1,-1,-1
3821,30,Oil,Stable,Stable Oil,1.45,0,-1,-1,1,-1,-1
3822,30,Oil,Stable,Stable Oil,1.45,0,-1,-1,1,-1,-1
3823,30,Oil,Stable,Stable Oil,1.45,0,-1,-1,1,-1,-1
3824,30,Oil,Stable,Stable Oil,1.45,0,-1,-1,1,-1,-1
3825,30,Oil,Stable,Stable Oil,1.45,0,-1,-1,1,-1,-1
3826,30,Oil,Stable,Stable Oil,1.45,0,-1,-1,1,-1,-1
3827,30,Oil,Stable,Stable Oil,1.45,0,-1,-1,1,-1,-1
3828,30,Oil,Stable,Stable Oil,1.45,0,-1,-1,1,-1,-1
3829,30,Oil,Stable,Stable Oil,1.45,0,-1,-1,1,-1,-1
3830,30,Oil,Stable,Stable Oil,1.45,0,-1,-1,1,-1,-1
3831,30,Oil,Stable,Stable Oil,1.45,0,-1,-1,1,-1,-1
3832,30,Oil,Stable,Stable Oil,1.45,0,-1,-1,1,-1,-1
3833,30,Oil,Stable,Stable Oil,1.45,0,-1,-1,1,-1,-1
3834,30,Oil,Stable,Stable Oil,1.45,0,-1,-1,1,-1,-1
3835,30,Oil,Stable,Stable Oil,1.45,0,-1,-1,1,-1,-1
3836,30,Oil,Stable,Stable Oil,1.45,0,-1,-1,1,-1,-1
3837,30,Oil,Stable,Stable Oil,1.45,0,-1,-1,1,-1,-1
3838,30,Oil,Stable,Stable Oil,1.45,0,-1,-1,1,-1,-1
3839,30,Oil,Stable,Stable Oil,1.45,0,-1,-1,1,-1,-1
3840,30,Oil,Stable,Stable Oil,1.45,0,-1,-1,1,-1,-1
3841,30,Oil,Stable,Stable Oil,1.45,0,-1,-1,1,-1,-1
3842,30,Oil,Stable,Stable Oil,1.45,0,-1,-1,1,-1,-1
3843,30,Oil,Stable,Stable Oil,1.45,0,-1,-1,1,-1,-1
3844,30,Oil,Stable,Stable Oil,1.45,0,-1,-1,1,-1,-1
3845,30,Oil,Stable,Stable Oil,1.45,0,-1,-1,1,-1,-1
3846,30,Oil,Stable,Stable Oil,1.45,0,-1,-1,1,-1,-1
3847,30,Oil,Stable,Stable Oil,1.45,0,-1,-1,1,-1,-1
3848,30,Oil,Stable,Stable Oil,1.45,0,-1,-1,1,-1,-1
3849,30,Oil,Stable,Stable Oil,1.45,0,-1,-1,1,-1,-1
3850,30,Oil,Stable,Stable Oil,1.45,0,-1,-1,1,-1,-1
3851,30,Oil,Stable,Stable Oil,1.45,0,-1,-1,1,-1,-1
3852,30,Oil,Stable,Stable Oil,1.45,0,-1,-1,1,-1,-1
3853,30,Oil,Stable,Stable Oil,1.45,0,-1,-1,1,-1,-1
3854,30,Oil,Stable,Stable Oil,1.45,0,-1,-1,1,-1,-1
3855,30,Oil,Stable,Stable Oil,1.45,0,-1,-1,1,-1,-1
3856,30,Oil,Stable,Stable Oil,1.45,0,-1,-1,1,-1,-1
3857,30,Oil,Stable,Stable Oil,1.45,0,-1,-1,1,-1,-1
3858,30,Oil,Stable,Stable Oil,1.45,0,-1,-1,1,-1,-1
3859,30,Oil,Stable,Stable Oil,1.45,0,-1,-1,1,-1,-1
3860,30,Oil,Stable,Stable Oil,1.45,0,-1,-1,1,-1,-1
3861,30,Oil,Stable,Stable Oil,1.45,0,-1,-1,1,-1,-1
3862,30,Oil,Stable,Stable Oil,1.45,0,-1,-1,1,-1,-1
3863,30,Oil,Stable,Stable Oil,1.45,0,-1,-1,1,-1,-1
3864,30,Oil,Stable,Stable Oil,1.45,0,-1,-1,1,-1,-1
3865,30,Oil,Stable,Stable Oil,1.45,0,-1,-1,1,-1,-1
3866,30,Oil,Stable,Stable Oil,1.45,0,-1,-1,1,-1,-1
3867,30,Oil,Stable,Stable Oil,1.45,0,-1,-1,1,-1,-1
3868,30,Oil,Stable,Stable Oil,1.45,0,-1,-1,1,-1,-1
3869,30,Oil,Stable,Stable Oil,1.45,0,-1,-1,1,-1,-1
3870,30,Oil,Stable,Stable Oil,1.45,0,-1,-1,1,-1,-1
3871,30,Oil,Stable,Stable Oil,1.45,0,-1,-1,1,-1,-1
3872,30,Oil,Stable,Stable Oil,1.45,0,-1,-1,1,-1,-1
3873,30,Oil,Stable,Stable Oil,1.45,0,-1,-1,1,-1,-1
3874,30,Oil,Stable,Stable Oil,1.45,0,-1,-1,1,-1,-1
3875,30,Oil,Stable,Stable Oil,1.45,0,-1,-1,1,-1,-1
3876,30,Oil,Stable,Stable Oil,1.45,0,-1,-1,1,-1,-1
3877,30,Oil,Stable,Stable Oil,1.45,0,-1,-1,1,-1,-1
3878,30,Oil,Stable,Stable Oil,1.45,0,-1,-1,1,-1,-1
3879,30,Oil,Stable,Stable Oil,1.45,0,-1,-1,1,-1,-1
3880,30,Oil,Stable,Stable Oil,1.45,0,-1,-1,1,-1,-1
3881,30,Oil,Stable,Stable Oil,1.45,0,-1,-1,1,-1,-1
3882,30,Oil,Stable,Stable Oil,1.45,0,-1,-1,1,-1,-1
3883,30,Oil,Stable,Stable Oil,1.39,0,-1,-1,1,-1,-1
3884,30,Oil,Stable,Stable Oil,1.39,0,-1,-1,1,-1,-1
3885,30,Oil,Stable,Stable Oil,1.39,0,-1,-1,1,-1,-1
3886,30,Oil,Stable,Stable Oil,1.39,0,-1,-1,1,-1,-1
3887,30,Oil,Stable,Stable Oil,1.39,0,-1,-1,1,-1,-1
3888,30,Oil,Stable,Stable Oil,1.39,0,-1,-1,1,-1,-1
3889,30,Oil,Stable,Stable Oil,1.39,0,-1,-1,1,-1,-1
3890,30,Oil,Stable,Stable Oil,1.39,0,-1,-1,1,-1,-1
3891,30,Oil,Stable,Stable Oil,1.39,0,-1,-1,1,-1,-1
3892,30,Oil,Stable,Stable Oil,1.39,0,-1,-1,1,-1,-1
3893,30,Oil,Stable,Stable Oil,1.39,0,-1,-1,1,-1,-1
3894,30,Oil,Stable,Stable Oil,1.39,0,-1,-1,1,-1,-1
3895,30,Oil,Stable,Stable Oil,1.39,0,-1,-1,1,-1,-1
3896,30,Oil,Stable,Stable Oil,1.375,-0.15,-1,-1,1,-1,-1
3897,30,Oil,Stable,Stable Oil,1.39,0,-1,-1,1,-1,-1
3898,30,Oil,Stable,Stable Oil,1.39,0,-1,-1,1,-1,-1
3899,30,Oil,Stable,Stable Oil,1.39,0,-1,-1,1,-1,-1
3900,30,Oil,Stable,Stable Oil,1.39,0,-1,-1,1,-1,-1
3901,30,Oil,Stable,Stable Oil,1.39,0,-1,-1,1,-1,-1
3902,30,Oil,Stable,Stable Oil,1.39,0,-1,-1,1,-1,-1
3903,30,Oil,Stable,Stable Oil,1.39,0,-1,-1,1,-1,-1
3904,30,Oil,Stable,Stable Oil,1.39,0,-1,-1,1,-1,-1
3905,30,Oil,Stable,Stable Oil,1.39,0,-1,-1,1,-1,-1
3906,30,Oil,Stable,Stable Oil,1.39,0,-1,-1,1,-1,-1
3907,30,Oil,Stable,Stable Oil,1.39,0,-1,-1,1,-1,-1
3908,30,Oil,Stable,Stable Oil,1.39,0,-1,-1,1,-1,-1
3909,30,Oil,Stable,Stable Oil,1.39,0,-1,-1,1,-1,-1
3910,30,Oil,Stable,Stable Oil,1.39,0,-1,-1,1,-1,-1
3911,30,Oil,Stable,Stable Oil,1.39,0,-1,-1,1,-1,-1
3912,30,Oil,Stable,Stable Oil,1.39,0,-1,-1,1,-1,-1
3913,30,Oil,Stable,Stable Oil,1.39,0,-1,-1,1,-1,-1
3914,30,Oil,Stable,Stable Oil,1.39,0,-1,-1,1,-1,-1
3915,30,Oil,Stable,Stable Oil,1.39,0,-1,-1,1,-1,-1
3916,30,Oil,Stable,Stable Oil,1.39,0,-1,-1,1,-1,-1
3917,30,Oil,Stable,Stable Oil,1.39,0,-1,-1,1,-1,-1
3918,30,Oil,Stable,Stable Oil,1.39,0,-1,-1,1,-1,-1
3919,30,Oil,Stable,Stable Oil,1.39,0,-1,-1,1,-1,-1
3920,30,Oil,Stable,Stable Oil,1.39,0,-1,-1,1,-1,-1
3921,30,Oil,Stable,Stable Oil,1.39,0,-1,-1,1,-1,-1
3922,30,Oil,Stable,Stable Oil,1.39,0,-1,-1,1,-1,-1
3923,30,Oil,Stable,Stable Oil,1.39,0,-1,-1,1,-1,-1
3924,30,Oil,Stable,Stable Oil,1.39,0,-1,-1,1,-1,-1
3925,30,Oil,Stable,Stable Oil,1.39,0,-1,-1,1,-1,-1
3926,30,Oil,Stable,Stable Oil,1.39,0,-1,-1,1,-1,-1
3927,30,Oil,Stable,Stable Oil,1.39,0,-1,-1,1,-1,-1
3928,30,Oil,Stable,Stable Oil,1.39,0,-1,-1,1,-1,-1
3929,30,Oil,Stable,Stable Oil,1.39,0,-1,-1,1,-1,-1
3930,30,Oil,Stable,Stable Oil,1.39,0,-1,-1,1,-1,-1
3931,30,Oil,Stable,Stable Oil,1.39,0,-1,-1,1,-1,-1
3932,30,Oil,Stable,Stable Oil,1.39,0,-1,-1,1,-1,-1
3933,30,Oil,Stable,Stable Oil,1.39,0,-1,-1,1,-1,-1
3934,30,Oil,Stable,Stable Oil,1.39,0,-1,-1,1,-1,-1
3935,30,Oil,Stable,Stable Oil,1.39,0,-1,-1,1,-1,-1
3936,30,Oil,Stable,Stable Oil,1.39,0,-1,-1,1,-1,-1
3937,30,Oil,Stable,Stable Oil,1.39,0,-1,-1,1,-1,-1
3938,30,Oil,Stable,Stable Oil,1.39,0,-1,-1,1,-1,-1
3939,30,Oil,Stable,Stable Oil,1.39,0,-1,-1,1,-1,-1
3940,30,Oil,Stable,Stable Oil,1.39,0,-1,-1,1,-1,-1
3941,30,Oil,Stable,Stable Oil,1.39,0,-1,-1,1,-1,-1
3942,30,Oil,Stable,Stable Oil,1.39,0,-1,-1,1,-1,-1
3943,30,Oil,Stable,Stable Oil,1.39,0,-1,-1,1,-1,-1
3944,30,Oil,Stable,Stable Oil,1.39,0,-1,-1,1,-1,-1
3945,30,Oil,Stable,Stable Oil,1.39,0,-1,-1,1,-1,-1
3946,30,Oil,Stable,Stable Oil,1.39,0,-1,-1,1,-1,-1
3947,30,Oil,Stable,Stable Oil,1.39,0,-1,-1,1,-1,-1
3948,30,Oil,Stable,Stable Oil,1.39,0,-1,-1,1,-1,-1
3949,30,Oil,Stable,Stable Oil,1.39,0,-1,-1,1,-1,-1
3950,30,Oil,Stable,Stable Oil,1.39,0,-1,-1,1,-1,-1
3951,30,Oil,Stable,Stable Oil,1.39,0,-1,-1,1,-1,-1
3952,30,Oil,Stable,Stable Oil,1.39,0,-1,-1,1,-1,-1
3953,30,Oil,Stable,Stable Oil,1.39,0,-1,-1,1,-1,-1
3954,30,Oil,Stable,Stable Oil,1.39,0,-1,-1,1,-1,-1
3955,30,Oil,Stable,Stable Oil,1.39,0,-1,-1,1,-1,-1
3956,30,Oil,Stable,Stable Oil,1.39,0,-1,-1,1,-1,-1
3957,30,Oil,Stable,Stable Oil,1.39,0,-1,-1,1,-1,-1
3958,30,Oil,Stable,Stable Oil,1.39,0,-1,-1,1,-1,-1
3959,30,Oil,Stable,Stable Oil,1.39,0,-1,-1,1,-1,-1
3960,30,Oil,Stable,Stable Oil,1.39,0,-1,-1,1,-1,-1
3961,30,Oil,Stable,Stable Oil,1.39,0,-1,-1,1,-1,-1
3962,30,Oil,Stable,Stable Oil,1.39,0,-1,-1,1,-1,-1
3963,30,Oil,Stable,Stable Oil,1.39,0,-1,-1,1,-1,-1
3964,30,Oil,Stable,Stable Oil,1.39,0,-1,-1,1,-1,-1
3965,30,Oil,Stable,Stable Oil,1.39,0,-1,-1,1,-1,-1
3966,30,Oil,Stable,Stable Oil,1.39,0,-1,-1,1,-1,-1
3967,30,Oil,Stable,Stable Oil,1.39,0,-1,-1,1,-1,-1
3968,30,Oil,Stable,Stable Oil,1.39,0,-1,-1,1,-1,-1
3969,30,Oil,Stable,Stable Oil,1.39,0,-1,-1,1,-1,-1
3970,30,Oil,Stable,Stable Oil,1.39,0,-1,-1,1,-1,-1
3971,30,Oil,Stable,Stable Oil,1.39,0,-1,-1,1,-1,-1
3972,30,Oil,Stable,Stable Oil,1.39,0,-1,-1,1,-1,-1
3973,30,Oil,Stable,Stable Oil,1.39,0,-1,-1,1,-1,-1
3974,30,Oil,Stable,Stable Oil,1.39,0,-1,-1,1,-1,-1
3975,30,Oil,Stable,Stable Oil,1.39,0,-1,-1,1,-1,-1
3976,30,Oil,Stable,Stable Oil,1.39,0,-1,-1,1,-1,-1
3977,30,Oil,Stable,Stable Oil,1.39,0,-1,-1,1,-1,-1
3978,30,Oil,Stable,Stable Oil,1.39,0,-1,-1,1,-1,-1
3979,30,Oil,Stable,Stable Oil,1.39,0,-1,-1,1,-1,-1
3980,30,Oil,Stable,Stable Oil,1.39,0,-1,-1,1,-1,-1
3981,30,Oil,Stable,Stable Oil,1.39,0,-1,-1,1,-1,-1
3982,30,Oil,Stable,Stable Oil,1.39,0,-1,-1,1,-1,-1
3983,30,Oil,Stable,Stable Oil,1.39,0,-1,-1,1,-1,-1
3984,30,Oil,Stable,Stable Oil,1.39,0,-1,-1,1,-1,-1
3985,30,Oil,Stable,Stable Oil,1.39,0,-1,-1,1,-1,-1
3986,30,Oil,Stable,Stable Oil,1.39,0,-1,-1,1,-1,-1
3987,30,Oil,Stable,Stable Oil,1.39,0,-1,-1,1,-1,-1
3988,30,Oil,Stable,Stable Oil,1.39,0,-1,-1,1,-1,-1
3989,30,Oil,Stable,Stable Oil,1.39,0,-1,-1,1,-1,-1
3990,30,Oil,Stable,Stable Oil,1.39,0,-1,-1,1,-1,-1
3991,30,Oil,Stable,Stable Oil,1.39,0,-1,-1,1,-1,-1
3992,30,Oil,Stable,Stable Oil,1.39,0,-1,-1,1,-1,-1
3993,30,Oil,Stable,Stable Oil,1.39,0,-1,-1,1,-1,-1
3994,30,Oil,Stable,Stable Oil,1.39,0,-1,-1,1,-1,-1
3995,30,Oil,Stable,Stable Oil,1.39,0,-1,-1,1,-1,-1
3996,30,Oil,Stable,Stable Oil,1.39,0,-1,-1,1,-1,-1
3997,30,Oil,Stable,Stable Oil,1.39,0,-1,-1,1,-1,-1
3998,30,Oil,Stable,Stable Oil,1.39,0,-1,-1,1,-1,-1
3999,30,Oil,Stable,Stable Oil,1.39,0,-1,-1,1,-1,-1
4000,30,Oil,Stable,Stable Oil,1.39,0,-1,-1,1,-1,-1
4001,30,Oil,Stable,Stable Oil,1.39,0,-1,-1,1,-1,-1
4002,30,Oil,Stable,Stable Oil,1.39,0,-1,-1,1,-1,-1
4003,30,Oil,Stable,Stable Oil,1.39,0,-1,-1,1,-1,-1
4004,30,Oil,Stable,Stable Oil,1.39,0,-1,-1,1,-1,-1
4005,30,Oil,Stable,Stable Oil,1.39,0,-1,-1,1,-1,-1
4006,30,Oil,Stable,Stable Oil,1.39,0,-1,-1,1,-1,-1
4007,30,Oil,Stable,Stable Oil,1.39,0,-1,-1,1,-1,-1
4008,30,Oil,Stable,Stable Oil,1.39,0,-1,-1,1,-1,-1
4009,30,Oil,Stable,Stable Oil,1.39,0,-1,-1,1,-1,-1
4010,30,Oil,Stable,Stable Oil,1.39,0,-1,-1,1,-1,-1
4011,30,Oil,Stable,Stable Oil,1.39,0,-1,-1,1,-1,-1
4012,30,Oil,Stable,Stable Oil,1.39,0,-1,-1,1,-1,-1
4013,30,Oil,Stable,Stable Oil,1.39,0,-1,-1,1,-1,-1
4014,30,Oil,Stable,Stable Oil,1.39,0,-1,-1,1,-1,-1
4015,30,Oil,Stable,Stable Oil,1.39,0,-1,-1,1,-1,-1
4016,30,Oil,Stable,Stable Oil,1.39,0,-1,-1,1,-1,-1
4017,30,Oil,Stable,Stable Oil,1.39,0,-1,-1,1,-1,-1
4018,30,Oil,Stable,Stable Oil,1.39,0,-1,-1,1,-1,-1
4019,30,Oil,Stable,Stable Oil,1.39,0,-1,-1,1,-1,-1
4020,30,Oil,Stable,Stable Oil,1.39,0,-1,-1,1,-1,-1
4021,30,Oil,Stable,Stable Oil,1.39,0,-1,-1,1,-1,-1
4022,30,Oil,Stable,Stable Oil,1.39,0,-1,-1,1,-1,-1
4023,30,Oil,Stable,Stable Oil,1.39,0,-1,-1,1,-1,-1
4024,30,Oil,Stable,Stable Oil,1.39,0,-1,-1,1,-1,-1
4025,30,Oil,Stable,Stable Oil,1.39,0,-1,-1,1,-1,-1
4026,30,Oil,Stable,Stable Oil,1.39,0,-1,-1,1,-1,-1
4027,30,Oil,Stable,Stable Oil,1.39,0,-1,-1,1,-1,-1
4028,30,Oil,Stable,Stable Oil,1.39,0,-1,-1,1,-1,-1
4029,30,Oil,Stable,Stable Oil,1.39,0,-1,-1,1,-1,-1
4030,30,Oil,Stable,Stable Oil,1.39,0,-1,-1,1,-1,-1
4031,30,Oil,Stable,Stable Oil,1.39,0,-1,-1,1,-1,-1
4032,30,Oil,Stable,Stable Oil,6.911,-2.81,-1,-1,-1,-1,-1
4033,30,Oil,Stable,Stable Oil,4.65,-1.58,-1,-1,-1,-1,-1
4034,30,Oil,Stable,Stable Oil,3.456,-0.7,-1,-1,-1,-1,-1
4035,30,Oil,Stable,Stable Oil,2.895,-0.53,-1,-1,-1,-1,-1
4036,30,Oil,Stable,Stable Oil,2.44,-0.35,-1,-1,-1,-1,-1
4037,30,Oil,Stable,Stable Oil,2.161,-0.17,-1,-1,1,-1,-1
4038,30,Oil,Stable,Stable Oil,2.11,0,-1,-1,1,-1,-1
4039,30,Oil,Stable,Stable Oil,2.02,-0.18,-1,-1,1,-1,-1
4040,30,Oil,Stable,Stable Oil,1.966,0,-1,-1,1,-1,-1
4041,30,Oil,Stable,Stable Oil,1.948,0.18,-1,-1,1,-1,-1
4042,30,Oil,Stable,Stable Oil,1.93,0,-1,-1,1,-1,-1
4043,30,Oil,Stable,Stable Oil,1.93,0,-1,-1,1,-1,-1
4044,30,Oil,Stable,Stable Oil,1.93,0,-1,-1,1,-1,-1
4045,30,Oil,Stable,Stable Oil,1.93,0,-1,-1,1,-1,-1
4046,30,Oil,Stable,Stable Oil,1.93,0,-1,-1,1,-1,-1
4047,30,Oil,Stable,Stable Oil,1.876,0,-1,-1,1,-1,-1
4048,30,Oil,Stable,Stable Oil,1.93,0,-1,-1,1,-1,-1
4049,30,Oil,Stable,Stable Oil,1.912,0,-1,-1,1,-1,-1
4050,31,Water,Transition,Transition Water,2.386,1.05,-1,-1,1,1,1
4051,31,Water,Transition,Transition Water,3.93,1.76,-1,-1,1,1,1
4052,31,Water,Transition,Transition Water,5.825,2.11,-1,-1,1,1,1
4053,31,Water,Transition,Transition Water,8.421,2.11,-1,-1,1,1,1
4054,31,Water,Transition,Transition Water,10.736,2.1,-1,-1,1,1,1
4055,31,Water,Transition,Transition Water,13.089,1.93,-1,-1,1,1,1
4056,31,Water,Transition,Transition Water,15.492,2.1,-1,-1,1,1,1
4057,31,Water,Transition,Transition Water,17.456,1.58,-1,-1,1,1,1
4058,31,Water,Transition,Transition Water,19.122,1.4,-1,-1,1,1,1
4059,31,Water,Transition,Transition Water,20.562,1.05,-1,1,1,1,1
4060,31,Water,Transition,Transition Water,21.754,1.05,-1,1,1,1,1
4061,31,Water,Transition,Transition Water,22.982,1.05,-1,1,1,1,1
4062,31,Water,Transition,Transition Water,24.036,1.05,-1,1,1,1,1
4063,31,Water,Transition,Transition Water,25.245,1.05,-1,1,1,1,1
4064,31,Water,Transition,Transition Water,26.368,1.05,-1,1,1,1,1
4065,31,Water,Transition,Transition Water,27.472,1.23,-1,1,1,1,1
4066,31,Water,Transition,Transition Water,28.563,1.23,-1,1,1,1,1
4067,31,Water,Transition,Transition Water,29.753,0.710000000000001,-1,1,1,1,1
4068,31,Water,Transition,Transition Water,30.79,0.879999999999999,-1,1,1,1,1
4069,31,Water,Transition,Transition Water,31.613,0.699999999999999,-1,1,1,1,1
4070,32,Oil,Transition,Transition Oil,29.545,-8.43,-1,1,-1,-1,-1
4071,32,Oil,Transition,Transition Oil,15.21,-12.28,-1,-1,-1,-1,-1
4072,32,Oil,Transition,Transition Oil,7.667,-2.28,-1,-1,-1,-1,-1
4073,32,Oil,Transition,Transition Oil,6.228,-0.88,-1,-1,-1,-1,-1
4074,32,Oil,Transition,Transition Oil,5.315,-0.88,-1,-1,-1,-1,-1
4075,32,Oil,Transition,Transition Oil,4.441,-0.7,-1,-1,-1,-1,-1
4076,32,Oil,Transition,Transition Oil,3.369,-0.7,-1,-1,-1,-1,-1
4077,32,Oil,Transition,Transition Oil,2.998,0,-1,-1,1,-1,-1
4078,32,Oil,Transition,Transition Oil,2.844,-0.17,-1,-1,1,-1,-1
4079,32,Oil,Transition,Transition Oil,2.667,0,-1,-1,1,-1,-1
4080,32,Oil,Transition,Transition Oil,2.562,-0.17,-1,-1,1,-1,-1
4081,32,Oil,Transition,Transition Oil,2.442,-0.18,-1,-1,1,-1,-1
4082,32,Oil,Transition,Transition Oil,2.406,0,-1,-1,1,-1,-1
4083,32,Oil,Transition,Transition Oil,2.28,0,-1,-1,1,-1,-1
4084,32,Oil,Transition,Transition Oil,2.28,0,-1,-1,1,-1,-1
4085,32,Oil,Transition,Transition Oil,2.28,0,-1,-1,1,-1,-1
4086,32,Oil,Transition,Transition Oil,2.298,-0.18,-1,-1,1,-1,-1
4087,32,Oil,Transition,Transition Oil,2.28,0,-1,-1,1,-1,-1
4088,32,Oil,Transition,Transition Oil,2.263,-0.17,-1,-1,1,-1,-1
4089,32,Oil,Transition,Transition Oil,2.263,0,-1,-1,1,-1,-1
4090,33,Water,Transition,Transition Water,2.895,1.05,-1,-1,1,1,1
4091,33,Water,Transition,Transition Water,4.404,1.58,-1,-1,1,1,1
4092,33,Water,Transition,Transition Water,6.438,1.93,-1,-1,1,1,1
4093,33,Water,Transition,Transition Water,8.719,1.93,-1,-1,1,1,1
4094,33,Water,Transition,Transition Water,10.825,1.75,-1,-1,1,1,1
4095,33,Water,Transition,Transition Water,12.842,1.75,-1,-1,1,1,1
4096,33,Water,Transition,Transition Water,14.65,1.58,-1,-1,1,1,1
4097,33,Water,Transition,Transition Water,16.332,1.41,-1,-1,1,1,1
4098,33,Water,Transition,Transition Water,17.964,1.58,-1,-1,1,1,1
4099,33,Water,Transition,Transition Water,19.543,1.58,-1,1,1,1,1
4100,33,Water,Transition,Transition Water,21.333,1.23,-1,1,1,1,1
4101,33,Water,Transition,Transition Water,22.772,1.22,-1,1,1,1,1
4102,33,Water,Transition,Transition Water,24.212,1.4,-1,1,1,1,1
4103,33,Water,Transition,Transition Water,25.385,1.05,-1,1,1,1,1
4104,33,Water,Transition,Transition Water,26.405,0.530000000000001,-1,1,1,1,1
4105,33,Water,Transition,Transition Water,27.103,0.350000000000001,-1,1,1,1,1
4106,33,Water,Transition,Transition Water,27.647,0.52,-1,1,1,1,1
4107,33,Water,Transition,Transition Water,28.122,0.530000000000001,-1,1,1,1,1
4108,33,Water,Transition,Transition Water,28.634,0.169999999999998,-1,1,1,1,1
4109,33,Water,Transition,Transition Water,29.211,0.350000000000001,-1,1,1,1,1
4110,34,Oil,Transition,Transition Oil,23.666,-11.58,-1,1,-1,-1,-1
4111,34,Oil,Transition,Transition Oil,10.631,-9.65,-1,-1,-1,-1,-1
4112,34,Oil,Transition,Transition Oil,4.421,-2.63,-1,-1,-1,-1,-1
4113,34,Oil,Transition,Transition Oil,2.738,-0.7,-1,-1,-1,-1,-1
4114,34,Oil,Transition,Transition Oil,2.316,-0.18,-1,-1,1,-1,-1
4115,34,Oil,Transition,Transition Oil,2.424,0.18,-1,-1,1,-1,-1
4116,34,Oil,Transition,Transition Oil,2.46,0,-1,-1,1,-1,-1
4117,34,Oil,Transition,Transition Oil,2.46,0,-1,-1,1,-1,-1
4118,34,Oil,Transition,Transition Oil,2.494,0,-1,-1,1,-1,-1
4119,34,Oil,Transition,Transition Oil,2.613,0,-1,-1,1,-1,-1
4120,34,Oil,Transition,Transition Oil,2.63,0,-1,-1,1,-1,-1
4121,34,Oil,Transition,Transition Oil,2.774,0.18,-1,-1,1,-1,-1
4122,34,Oil,Transition,Transition Oil,2.738,0,-1,-1,1,-1,-1
4123,34,Oil,Transition,Transition Oil,2.774,0.18,-1,-1,1,-1,-1
4124,34,Oil,Transition,Transition Oil,2.81,0,-1,-1,1,-1,-1
4125,34,Oil,Transition,Transition Oil,2.81,0,-1,-1,1,-1,-1
4126,34,Oil,Transition,Transition Oil,2.774,-0.18,-1,-1,1,-1,-1
4127,34,Oil,Transition,Transition Oil,2.774,0.18,-1,-1,1,-1,-1
4128,34,Oil,Transition,Transition Oil,2.792,0,-1,-1,1,-1,-1
4129,34,Oil,Transition,Transition Oil,2.81,0,-1,-1,1,-1,-1
4130,35,Water,Transition,Transition Water,2.966,0.35,-1,-1,1,-1,-1
4131,35,Water,Transition,Transition Water,3.808,1.06,-1,-1,1,1,1
4132,35,Water,Transition,Transition Water,5.35,1.58,-1,-1,1,1,1
4133,35,Water,Transition,Transition Water,7.246,1.93,-1,-1,1,1,1
4134,35,Water,Transition,Transition Water,9.386,1.93,-1,-1,1,1,1
4135,35,Water,Transition,Transition Water,11.562,1.93,-1,-1,1,1,1
4136,35,Water,Transition,Transition Water,13.439,1.58,-1,-1,1,1,1
4137,35,Water,Transition,Transition Water,15.175,1.57,-1,-1,1,1,1
4138,35,Water,Transition,Transition Water,16.842,1.4,-1,-1,1,1,1
4139,35,Water,Transition,Transition Water,18.526,1.41,-1,-1,1,1,1
4140,35,Water,Transition,Transition Water,20.438,1.93,-1,1,1,1,1
4141,35,Water,Transition,Transition Water,22.37,1.58,-1,1,1,1,1
4142,35,Water,Transition,Transition Water,24.018,1.41,-1,1,1,1,1
4143,35,Water,Transition,Transition Water,25.49,1.05,-1,1,1,1,1
4144,35,Water,Transition,Transition Water,26.737,1.05,-1,1,1,1,1
4145,35,Water,Transition,Transition Water,27.825,1.05,-1,1,1,1,1
4146,35,Water,Transition,Transition Water,28.894,1.05,-1,1,1,1,1
4147,35,Water,Transition,Transition Water,29.911,0.700000000000003,-1,1,1,1,1
4148,35,Water,Transition,Transition Water,30.894,0.879999999999999,-1,1,1,1,1
4149,35,Water,Transition,Transition Water,31.737,0.879999999999999,-1,1,1,1,1
4150,36,Oil,Transition,Transition Oil,31.825,-3.68,-1,1,-1,-1,-1
4151,36,Oil,Transition,Transition Oil,19.807,-13.86,-1,1,-1,-1,-1
4152,36,Oil,Transition,Transition Oil,7.579,-6.31,-1,-1,-1,-1,-1
4153,36,Oil,Transition,Transition Oil,3.842,-1.58,-1,-1,-1,-1,-1
4154,36,Oil,Transition,Transition Oil,2.754,-0.7,-1,-1,-1,-1,-1
4155,36,Oil,Transition,Transition Oil,2.353,-0.35,-1,-1,-1,-1,-1
4156,36,Oil,Transition,Transition Oil,2.127,-0.17,-1,-1,1,-1,-1
4157,36,Oil,Transition,Transition Oil,2.038,-0.18,-1,-1,1,-1,-1
4158,36,Oil,Transition,Transition Oil,1.966,0.18,-1,-1,1,-1,-1
4159,36,Oil,Transition,Transition Oil,1.93,0,-1,-1,1,-1,-1
4160,36,Oil,Transition,Transition Oil,1.93,0,-1,-1,1,-1,-1
4161,36,Oil,Transition,Transition Oil,1.93,0,-1,-1,1,-1,-1
4162,36,Oil,Transition,Transition Oil,1.93,0,-1,-1,1,-1,-1
4163,36,Oil,Transition,Transition Oil,1.93,0,-1,-1,1,-1,-1
4164,36,Oil,Transition,Transition Oil,1.93,0,-1,-1,1,-1,-1
4165,36,Oil,Transition,Transition Oil,1.93,0,-1,-1,1,-1,-1
4166,36,Oil,Transition,Transition Oil,1.948,0,-1,-1,1,-1,-1
4167,36,Oil,Transition,Transition Oil,1.966,0,-1,-1,1,-1,-1
4168,36,Oil,Transition,Transition Oil,1.948,0.18,-1,-1,1,-1,-1
4169,36,Oil,Transition,Transition Oil,1.966,0.18,-1,-1,1,-1,-1
4170,36,Oil,Transition,Transition Oil,2.02,0,-1,-1,1,-1,-1
4171,37,Water,Transition,Transition Water,2.563,1.05,-1,-1,1,1,1
4172,37,Water,Transition,Transition Water,4.141,1.76,-1,-1,1,1,1
4173,37,Water,Transition,Transition Water,6.227,1.93,-1,-1,1,1,1
4174,37,Water,Transition,Transition Water,8.56,1.93,-1,-1,1,1,1
4175,37,Water,Transition,Transition Water,10.841,2.11,-1,-1,1,1,1
4176,37,Water,Transition,Transition Water,12.895,1.57,-1,-1,1,1,1
4177,37,Water,Transition,Transition Water,14.65,1.58,-1,-1,1,1,1
4178,37,Water,Transition,Transition Water,16.386,1.41,-1,-1,1,1,1
4179,37,Water,Transition,Transition Water,17.877,1.41,-1,-1,1,1,1
4180,37,Water,Transition,Transition Water,15.148,2.18,-1,-1,1,1,1
4181,37,Water,Transition,Transition Water,25.957,10.74,-1,1,1,1,1
4182,37,Water,Transition,Transition Water,33.136,4.03,-1,1,1,1,1
4183,37,Water,Transition,Transition Water,36.242,2.01,-1,1,1,1,1
4184,37,Water,Transition,Transition Water,38.205,1.67,-1,1,1,1,1
4185,37,Water,Transition,Transition Water,39.865,1.51,-1,1,1,1,1
4186,37,Water,Transition,Transition Water,41.561,1.17,1,1,1,1,1
4187,37,Water,Transition,Transition Water,42.953,1.34,1,1,1,1,1
4188,37,Water,Transition,Transition Water,44.396,1.34,1,1,1,1,1
4189,37,Water,Transition,Transition Water,45.906,1.34,1,1,1,1,1
4190,38,Oil,Transition,Transition Oil,54.614,-1.51,1,1,-1,-1,-1
4191,38,Oil,Transition,Transition Oil,52.014,-3.69,1,1,-1,-1,-1
4192,38,Oil,Transition,Transition Oil,46.326,-5.7,1,1,-1,-1,-1
4193,38,Oil,Transition,Transition Oil,39.783,-7.04000000000001,-1,1,-1,-1,-1
4194,38,Oil,Transition,Transition Oil,30.653,-7.55,-1,1,-1,-1,-1
4195,38,Oil,Transition,Transition Oil,25.068,-3.19,-1,1,-1,-1,-1
4196,38,Oil,Transition,Transition Oil,22.298,-2.01,-1,1,-1,-1,-1
4197,38,Oil,Transition,Transition Oil,20.386,-1.51,-1,1,-1,-1,-1
4198,38,Oil,Transition,Transition Oil,18.993,-1.17,-1,1,-1,-1,-1
4199,38,Oil,Transition,Transition Oil,17.837,-0.84,-1,-1,-1,-1,-1
4200,38,Oil,Transition,Transition Oil,16.964,-0.5,-1,-1,-1,-1,-1
4201,38,Oil,Transition,Transition Oil,16.593,-0.34,-1,-1,-1,-1,-1
4202,38,Oil,Transition,Transition Oil,16.195,-0.170000000000002,-1,-1,1,-1,-1
4203,38,Oil,Transition,Transition Oil,15.872,-0.34,-1,-1,-1,-1,-1
4204,38,Oil,Transition,Transition Oil,15.502,-0.33,-1,-1,-1,-1,-1
4205,38,Oil,Transition,Transition Oil,15.27,0,-1,-1,1,-1,-1
4206,38,Oil,Transition,Transition Oil,15.168,0,-1,-1,1,-1,-1
4207,38,Oil,Transition,Transition Oil,15.083,0,-1,-1,1,-1,-1
4208,38,Oil,Transition,Transition Oil,15.049,0,-1,-1,1,-1,-1
4209,39,Water,Transition,Transition Water,20.672,12.41,-1,1,1,1,1
4210,39,Water,Transition,Transition Water,30.973,5.03,-1,1,1,1,1
4211,39,Water,Transition,Transition Water,34.731,2.18,-1,1,1,1,1
4212,39,Water,Transition,Transition Water,36.844,1.51,-1,1,1,1,1
4213,39,Water,Transition,Transition Water,38.592,1.68,-1,1,1,1,1
4214,39,Water,Transition,Transition Water,40.353,1.51,1,1,1,1,1
4215,39,Water,Transition,Transition Water,42.014,1.34,1,1,1,1,1
4216,39,Water,Transition,Transition Water,43.423,1.34,1,1,1,1,1
4217,39,Water,Transition,Transition Water,44.95,1.34,1,1,1,1,1
4218,39,Water,Transition,Transition Water,46.409,1.16999999999999,1,1,1,1,1
4219,39,Water,Transition,Transition Water,47.836,1.34,1,1,1,1,1
4220,39,Water,Transition,Transition Water,49.111,1.16999999999999,1,1,1,1,1
4221,39,Water,Transition,Transition Water,50.369,1.01000000000001,1,1,1,1,1
4222,39,Water,Transition,Transition Water,51.51,1,1,1,1,1,1
4223,39,Water,Transition,Transition Water,52.515,0.840000000000003,1,1,1,1,1
4224,39,Water,Transition,Transition Water,53.322,0.669999999999995,1,1,1,1,1
4225,39,Water,Transition,Transition Water,53.993,0.670000000000002,1,1,1,1,1
4226,39,Water,Transition,Transition Water,54.547,0.340000000000003,1,1,1,1,1
4227,39,Water,Transition,Transition Water,54.948,0.329999999999998,1,1,1,1,1
4228,39,Water,Transition,Transition Water,55.285,0.339999999999996,1,1,1,1,1
4229,39,Water,Transition,Transition Water,55.336,-0.169999999999995,1,1,1,1,1
4230,40,Oil,Transition,Transition Oil,49.815,-1.34,1,1,-1,-1,-1
4231,40,Oil,Transition,Transition Oil,46.998,-3.86,1,1,-1,-1,-1
4232,40,Oil,Transition,Transition Oil,40.168,-8.39,1,1,-1,-1,-1
4233,40,Oil,Transition,Transition Oil,31.913,-6.21,-1,1,-1,-1,-1
4234,40,Oil,Transition,Transition Oil,26.293,-3.86,-1,1,-1,-1,-1
4235,40,Oil,Transition,Transition Oil,22.651,-2.85,-1,1,-1,-1,-1
4236,40,Oil,Transition,Transition Oil,20.035,-2.01,-1,1,-1,-1,-1
4237,40,Oil,Transition,Transition Oil,18.322,-1.17,-1,-1,-1,-1,-1
4238,40,Oil,Transition,Transition Oil,17.433,-0.510000000000002,-1,-1,-1,-1,-1
4239,40,Oil,Transition,Transition Oil,16.797,-0.34,-1,-1,-1,-1,-1
4240,40,Oil,Transition,Transition Oil,16.328,-0.5,-1,-1,-1,-1,-1
4241,40,Oil,Transition,Transition Oil,16.008,-0.17,-1,-1,1,-1,-1
4242,40,Oil,Transition,Transition Oil,15.702,-0.17,-1,-1,1,-1,-1
4243,40,Oil,Transition,Transition Oil,15.472,-0.16,-1,-1,1,-1,-1
4244,40,Oil,Transition,Transition Oil,15.287,-0.34,-1,-1,-1,-1,-1
4245,40,Oil,Transition,Transition Oil,15.134,0,-1,-1,1,-1,-1
4246,40,Oil,Transition,Transition Oil,14.947,0,-1,-1,1,-1,-1
4247,40,Oil,Transition,Transition Oil,14.866,-0.16,-1,-1,1,-1,-1
4248,40,Oil,Transition,Transition Oil,14.736,-0.17,-1,-1,1,-1,-1
4249,41,Water,Transition,Transition Water,17.029,8.56,-1,-1,1,1,1
4250,41,Water,Transition,Transition Water,28.053,7.05,-1,1,1,1,1
4251,41,Water,Transition,Transition Water,33.255,3.02,-1,1,1,1,1
4252,41,Water,Transition,Transition Water,35.872,1.84,-1,1,1,1,1
4253,41,Water,Transition,Transition Water,37.617,1.51000000000001,-1,1,1,1,1
4254,41,Water,Transition,Transition Water,39.06,1.35,-1,1,1,1,1
4255,41,Water,Transition,Transition Water,40.486,1.18,1,1,1,1,1
4256,41,Water,Transition,Transition Water,41.811,1.17,1,1,1,1,1
4257,41,Water,Transition,Transition Water,43.054,1.16999999999999,1,1,1,1,1
4258,41,Water,Transition,Transition Water,44.11,1.01000000000001,1,1,1,1,1
4259,41,Water,Transition,Transition Water,45.017,0.839999999999996,1,1,1,1,1
4260,41,Water,Transition,Transition Water,45.923,0.840000000000003,1,1,1,1,1
4261,41,Water,Transition,Transition Water,46.677,0.669999999999995,1,1,1,1,1
4262,41,Water,Transition,Transition Water,47.434,0.670000000000002,1,1,1,1,1
4263,41,Water,Transition,Transition Water,48.154,0.670000000000002,1,1,1,1,1
4264,41,Water,Transition,Transition Water,48.694,0.339999999999996,1,1,1,1,1
4265,41,Water,Transition,Transition Water,48.993,0.329999999999998,1,1,1,1,1
4266,41,Water,Transition,Transition Water,49.412,0.5,1,1,1,1,1
4267,41,Water,Transition,Transition Water,50.101,0.670000000000002,1,1,1,1,1
4268,41,Water,Transition,Transition Water,50.653,0.509999999999998,1,1,1,1,1
4269,41,Water,Transition,Transition Water,51.172,0.330000000000005,1,1,1,1,1
4270,42,Oil,Transition,Transition Oil,51.847,-3.36,1,1,-1,-1,-1
4271,42,Oil,Transition,Transition Oil,45.452,-7.72,1,1,-1,-1,-1
4272,42,Oil,Transition,Transition Oil,36.542,-6.88,-1,1,-1,-1,-1
4273,42,Oil,Transition,Transition Oil,30.268,-4.7,-1,1,-1,-1,-1
4274,42,Oil,Transition,Transition Oil,26.006,-3.18,-1,1,-1,-1,-1
4275,42,Oil,Transition,Transition Oil,23.205,-2.18,-1,1,-1,-1,-1
4276,42,Oil,Transition,Transition Oil,21.056,-1.85,-1,1,-1,-1,-1
4277,42,Oil,Transition,Transition Oil,19.177,-1.18,-1,1,-1,-1,-1
4278,42,Oil,Transition,Transition Oil,17.937,-1.01,-1,-1,-1,-1,-1
4279,42,Oil,Transition,Transition Oil,17.147,-0.669999999999998,-1,-1,-1,-1,-1
4280,42,Oil,Transition,Transition Oil,16.644,-0.34,-1,-1,-1,-1,-1
4281,42,Oil,Transition,Transition Oil,16.244,-0.330000000000002,-1,-1,-1,-1,-1
4282,42,Oil,Transition,Transition Oil,15.855,-0.17,-1,-1,1,-1,-1
4283,42,Oil,Transition,Transition Oil,15.585,-0.17,-1,-1,1,-1,-1
4284,42,Oil,Transition,Transition Oil,15.422,-0.33,-1,-1,-1,-1,-1
4285,42,Oil,Transition,Transition Oil,15.253,0,-1,-1,1,-1,-1
4286,42,Oil,Transition,Transition Oil,15.1,0,-1,-1,1,-1,-1
4287,42,Oil,Transition,Transition Oil,15.083,-0.17,-1,-1,1,-1,-1
4288,43,Water,Transition,Transition Water,24.279,10.9,-1,1,1,1,1
4289,43,Water,Transition,Transition Water,31.493,3.69,-1,1,1,1,1
4290,43,Water,Transition,Transition Water,34.562,2.18,-1,1,1,1,1
4291,43,Water,Transition,Transition Water,36.627,1.68,-1,1,1,1,1
4292,43,Water,Transition,Transition Water,38.507,1.51,-1,1,1,1,1
4293,43,Water,Transition,Transition Water,40.201,1.51,1,1,1,1,1
4294,43,Water,Transition,Transition Water,41.846,1.34,1,1,1,1,1
4295,43,Water,Transition,Transition Water,43.373,1.51000000000001,1,1,1,1,1
4296,43,Water,Transition,Transition Water,44.865,1.17,1,1,1,1,1
4297,43,Water,Transition,Transition Water,46.293,1.17,1,1,1,1,1
4298,43,Water,Transition,Transition Water,47.584,1.17,1,1,1,1,1
4299,43,Water,Transition,Transition Water,48.809,1.01,1,1,1,1,1
4300,43,Water,Transition,Transition Water,49.883,0.840000000000003,1,1,1,1,1
4301,43,Water,Transition,Transition Water,50.822,0.670000000000002,1,1,1,1,1
4302,43,Water,Transition,Transition Water,51.661,0.839999999999996,1,1,1,1,1
4303,43,Water,Transition,Transition Water,52.415,0.840000000000003,1,1,1,1,1
4304,43,Water,Transition,Transition Water,53.037,0.509999999999998,1,1,1,1,1
4305,43,Water,Transition,Transition Water,53.588,0.169999999999995,1,1,1,1,1
4306,43,Water,Transition,Transition Water,54.076,0.329999999999998,1,1,1,1,1
4307,43,Water,Transition,Transition Water,54.513,0.340000000000003,1,1,1,1,1
4308,43,Water,Transition,Transition Water,54.717,0,1,1,1,1,1
4309,44,Oil,Transition,Transition Oil,43.037,-8.73,1,1,-1,-1,-1
4310,44,Oil,Transition,Transition Oil,33.843,-6.72,-1,1,-1,-1,-1
4311,44,Oil,Transition,Transition Oil,28.188,-4.03,-1,1,-1,-1,-1
4312,44,Oil,Transition,Transition Oil,24.261,-2.85,-1,1,-1,-1,-1
4313,44,Oil,Transition,Transition Oil,21.913,-1.68,-1,1,-1,-1,-1
4314,44,Oil,Transition,Transition Oil,20.319,-1.17,-1,1,-1,-1,-1
4315,44,Oil,Transition,Transition Oil,19.229,-1.01,-1,1,-1,-1,-1
4316,44,Oil,Transition,Transition Oil,18.288,-0.830000000000002,-1,-1,-1,-1,-1
4317,44,Oil,Transition,Transition Oil,17.501,-0.509999999999998,-1,-1,-1,-1,-1
4318,44,Oil,Transition,Transition Oil,17.095,-0.330000000000002,-1,-1,-1,-1,-1
4319,44,Oil,Transition,Transition Oil,16.712,-0.509999999999998,-1,-1,-1,-1,-1
4320,44,Oil,Transition,Transition Oil,16.109,-0.670000000000002,-1,-1,-1,-1,-1
4321,44,Oil,Transition,Transition Oil,15.601,-0.33,-1,-1,-1,-1,-1
4322,44,Oil,Transition,Transition Oil,15.389,-0.17,-1,-1,1,-1,-1
4323,44,Oil,Transition,Transition Oil,15.083,-0.34,-1,-1,-1,-1,-1
4324,44,Oil,Transition,Transition Oil,14.914,0,-1,-1,1,-1,-1
4325,44,Oil,Transition,Transition Oil,14.834,0,-1,-1,1,-1,-1
4326,44,Oil,Transition,Transition Oil,14.77,0,-1,-1,1,-1,-1
4327,45,Water,Stable,Stable Water,72.605,0.25,1,1,1,1,1
4328,45,Water,Stable,Stable Water,72.605,0,1,1,1,1,1
4329,45,Water,Stable,Stable Water,72.58,0,1,1,1,1,1
4330,45,Water,Stable,Stable Water,72.63,0,1,1,1,1,1
4331,45,Water,Stable,Stable Water,72.63,0,1,1,1,1,1
4332,45,Water,Stable,Stable Water,72.63,0,1,1,1,1,1
4333,45,Water,Stable,Stable Water,72.63,0,1,1,1,1,1
4334,45,Water,Stable,Stable Water,72.63,0,1,1,1,1,1
4335,45,Water,Stable,Stable Water,72.63,0,1,1,1,1,1
4336,45,Water,Stable,Stable Water,72.63,0,1,1,1,1,1
4337,45,Water,Stable,Stable Water,72.63,0,1,1,1,1,1
4338,45,Water,Stable,Stable Water,72.63,0,1,1,1,1,1
4339,45,Water,Stable,Stable Water,72.63,0,1,1,1,1,1
4340,45,Water,Stable,Stable Water,72.63,0,1,1,1,1,1
4341,45,Water,Stable,Stable Water,72.63,0,1,1,1,1,1
4342,45,Water,Stable,Stable Water,72.63,0,1,1,1,1,1
4343,45,Water,Stable,Stable Water,72.63,0,1,1,1,1,1
4344,45,Water,Stable,Stable Water,72.63,0,1,1,1,1,1
4345,45,Water,Stable,Stable Water,72.605,0,1,1,1,1,1
4346,45,Water,Stable,Stable Water,72.63,0,1,1,1,1,1
4347,45,Water,Stable,Stable Water,72.63,0,1,1,1,1,1
4348,45,Water,Stable,Stable Water,72.58,0,1,1,1,1,1
4349,45,Water,Stable,Stable Water,72.63,0,1,1,1,1,1
4350,45,Water,Stable,Stable Water,72.63,0,1,1,1,1,1
4351,45,Water,Stable,Stable Water,72.63,0,1,1,1,1,1
4352,45,Water,Stable,Stable Water,72.605,0,1,1,1,1,1
4353,45,Water,Stable,Stable Water,72.63,0,1,1,1,1,1
4354,45,Water,Stable,Stable Water,72.63,0,1,1,1,1,1
4355,45,Water,Stable,Stable Water,72.63,0,1,1,1,1,1
4356,45,Water,Stable,Stable Water,72.63,0,1,1,1,1,1
4357,45,Water,Stable,Stable Water,72.63,0,1,1,1,1,1
4358,45,Water,Stable,Stable Water,72.63,0,1,1,1,1,1
4359,45,Water,Stable,Stable Water,72.63,0,1,1,1,1,1
4360,45,Water,Stable,Stable Water,72.656,0,1,1,1,1,1
4361,45,Water,Stable,Stable Water,72.63,0,1,1,1,1,1
4362,45,Water,Stable,Stable Water,72.63,0,1,1,1,1,1
4363,45,Water,Stable,Stable Water,72.63,0,1,1,1,1,1
4364,45,Water,Stable,Stable Water,72.63,0,1,1,1,1,1
4365,45,Water,Stable,Stable Water,72.605,0,1,1,1,1,1
4366,45,Water,Stable,Stable Water,72.63,0,1,1,1,1,1
4367,45,Water,Stable,Stable Water,72.63,0,1,1,1,1,1
4368,45,Water,Stable,Stable Water,72.63,0,1,1,1,1,1
4369,45,Water,Stable,Stable Water,72.63,0,1,1,1,1,1
4370,45,Water,Stable,Stable Water,72.63,0,1,1,1,1,1
4371,45,Water,Stable,Stable Water,72.63,0,1,1,1,1,1
4372,45,Water,Stable,Stable Water,72.605,-0.25,1,1,-1,1,1
4373,45,Water,Stable,Stable Water,72.63,0,1,1,1,1,1
4374,45,Water,Stable,Stable Water,72.63,0,1,1,1,1,1
4375,45,Water,Stable,Stable Water,72.63,0,1,1,1,1,1
4376,45,Water,Stable,Stable Water,72.63,0,1,1,1,1,1
4377,45,Water,Stable,Stable Water,72.63,0,1,1,1,1,1
4378,45,Water,Stable,Stable Water,72.656,0,1,1,1,1,1
4379,45,Water,Stable,Stable Water,72.63,0,1,1,1,1,1
4380,45,Water,Stable,Stable Water,72.63,0,1,1,1,1,1
4381,45,Water,Stable,Stable Water,72.63,0,1,1,1,1,1
4382,45,Water,Stable,Stable Water,72.656,0,1,1,1,1,1
4383,45,Water,Stable,Stable Water,72.63,0,1,1,1,1,1
4384,45,Water,Stable,Stable Water,72.63,0,1,1,1,1,1
4385,45,Water,Stable,Stable Water,72.63,0,1,1,1,1,1
4386,45,Water,Stable,Stable Water,72.63,0,1,1,1,1,1
4387,45,Water,Stable,Stable Water,72.63,0,1,1,1,1,1
4388,45,Water,Stable,Stable Water,72.63,0,1,1,1,1,1
4389,45,Water,Stable,Stable Water,72.63,0,1,1,1,1,1
4390,45,Water,Stable,Stable Water,72.656,0,1,1,1,1,1
4391,45,Water,Stable,Stable Water,72.63,0,1,1,1,1,1
4392,45,Water,Stable,Stable Water,72.63,0,1,1,1,1,1
4393,45,Water,Stable,Stable Water,72.656,0,1,1,1,1,1
4394,45,Water,Stable,Stable Water,72.63,0,1,1,1,1,1
4395,45,Water,Stable,Stable Water,72.656,0.260000000000005,1,1,1,1,1
4396,45,Water,Stable,Stable Water,72.656,-0.260000000000005,1,1,-1,1,1
4397,45,Water,Stable,Stable Water,72.656,0,1,1,1,1,1
4398,45,Water,Stable,Stable Water,72.63,0,1,1,1,1,1
4399,45,Water,Stable,Stable Water,72.63,0,1,1,1,1,1
4400,45,Water,Stable,Stable Water,72.63,0,1,1,1,1,1
4401,45,Water,Stable,Stable Water,72.656,0,1,1,1,1,1
4402,45,Water,Stable,Stable Water,72.63,0,1,1,1,1,1
4403,45,Water,Stable,Stable Water,72.656,0,1,1,1,1,1
4404,45,Water,Stable,Stable Water,72.63,0,1,1,1,1,1
4405,45,Water,Stable,Stable Water,72.656,0,1,1,1,1,1
4406,45,Water,Stable,Stable Water,72.656,0,1,1,1,1,1
4407,45,Water,Stable,Stable Water,72.682,0,1,1,1,1,1
4408,45,Water,Stable,Stable Water,72.656,0.260000000000005,1,1,1,1,1
4409,45,Water,Stable,Stable Water,72.63,0,1,1,1,1,1
4410,45,Water,Stable,Stable Water,72.656,0,1,1,1,1,1
4411,45,Water,Stable,Stable Water,72.656,0,1,1,1,1,1
4412,45,Water,Stable,Stable Water,72.682,0.260000000000005,1,1,1,1,1
4413,45,Water,Stable,Stable Water,72.63,0,1,1,1,1,1
4414,45,Water,Stable,Stable Water,72.682,0,1,1,1,1,1
4415,45,Water,Stable,Stable Water,72.63,0,1,1,1,1,1
4416,45,Water,Stable,Stable Water,72.656,0.260000000000005,1,1,1,1,1
4417,45,Water,Stable,Stable Water,72.63,0,1,1,1,1,1
4418,45,Water,Stable,Stable Water,72.63,0,1,1,1,1,1
4419,45,Water,Stable,Stable Water,72.656,0,1,1,1,1,1
4420,45,Water,Stable,Stable Water,72.682,0,1,1,1,1,1
4421,45,Water,Stable,Stable Water,72.63,0,1,1,1,1,1
4422,45,Water,Stable,Stable Water,72.656,-0.260000000000005,1,1,-1,1,1
4423,45,Water,Stable,Stable Water,72.63,0,1,1,1,1,1
4424,45,Water,Stable,Stable Water,72.656,0,1,1,1,1,1
4425,45,Water,Stable,Stable Water,72.656,0,1,1,1,1,1
4426,45,Water,Stable,Stable Water,72.656,-0.260000000000005,1,1,-1,1,1
4427,45,Water,Stable,Stable Water,72.63,0,1,1,1,1,1
4428,45,Water,Stable,Stable Water,72.656,0,1,1,1,1,1
4429,45,Water,Stable,Stable Water,72.656,0,1,1,1,1,1
4430,45,Water,Stable,Stable Water,72.63,0,1,1,1,1,1
4431,45,Water,Stable,Stable Water,72.656,0,1,1,1,1,1
4432,45,Water,Stable,Stable Water,72.682,0,1,1,1,1,1
4433,45,Water,Stable,Stable Water,72.656,0,1,1,1,1,1
4434,45,Water,Stable,Stable Water,72.63,0,1,1,1,1,1
4435,45,Water,Stable,Stable Water,72.682,-0.260000000000005,1,1,-1,1,1
4436,45,Water,Stable,Stable Water,72.656,0,1,1,1,1,1
4437,45,Water,Stable,Stable Water,72.682,0,1,1,1,1,1
4438,45,Water,Stable,Stable Water,72.682,0.260000000000005,1,1,1,1,1
4439,45,Water,Stable,Stable Water,72.656,-0.260000000000005,1,1,-1,1,1
4440,45,Water,Stable,Stable Water,72.682,0,1,1,1,1,1
4441,45,Water,Stable,Stable Water,72.656,0,1,1,1,1,1
4442,45,Water,Stable,Stable Water,72.656,0,1,1,1,1,1
4443,45,Water,Stable,Stable Water,72.63,0,1,1,1,1,1
4444,45,Water,Stable,Stable Water,72.708,0,1,1,1,1,1
4445,45,Water,Stable,Stable Water,72.656,0,1,1,1,1,1
4446,45,Water,Stable,Stable Water,72.656,0,1,1,1,1,1
4447,45,Water,Stable,Stable Water,72.63,0,1,1,1,1,1
4448,45,Water,Stable,Stable Water,72.682,0,1,1,1,1,1
4449,45,Water,Stable,Stable Water,72.656,0,1,1,1,1,1
4450,45,Water,Stable,Stable Water,72.682,0,1,1,1,1,1
4451,45,Water,Stable,Stable Water,72.63,0,1,1,1,1,1
4452,45,Water,Stable,Stable Water,72.682,0,1,1,1,1,1
4453,45,Water,Stable,Stable Water,72.656,0,1,1,1,1,1
4454,45,Water,Stable,Stable Water,72.682,0,1,1,1,1,1
4455,45,Water,Stable,Stable Water,72.63,0,1,1,1,1,1
4456,45,Water,Stable,Stable Water,72.656,0,1,1,1,1,1
4457,45,Water,Stable,Stable Water,72.63,0,1,1,1,1,1
4458,45,Water,Stable,Stable Water,72.708,0,1,1,1,1,1
4459,45,Water,Stable,Stable Water,72.656,0.260000000000005,1,1,1,1,1
4460,45,Water,Stable,Stable Water,72.656,-0.260000000000005,1,1,-1,1,1
4461,45,Water,Stable,Stable Water,72.708,0,1,1,1,1,1
4462,45,Water,Stable,Stable Water,72.708,0,1,1,1,1,1
4463,45,Water,Stable,Stable Water,72.682,0.260000000000005,1,1,1,1,1
4464,45,Water,Stable,Stable Water,72.656,-0.260000000000005,1,1,-1,1,1
4465,45,Water,Stable,Stable Water,72.682,0,1,1,1,1,1
4466,45,Water,Stable,Stable Water,72.682,0,1,1,1,1,1
4467,45,Water,Stable,Stable Water,72.708,0.260000000000005,1,1,1,1,1
4468,45,Water,Stable,Stable Water,72.63,0,1,1,1,1,1
4469,45,Water,Stable,Stable Water,72.734,0,1,1,1,1,1
4470,45,Water,Stable,Stable Water,72.708,0,1,1,1,1,1
4471,45,Water,Stable,Stable Water,72.682,0.260000000000005,1,1,1,1,1
4472,45,Water,Stable,Stable Water,72.656,-0.260000000000005,1,1,-1,1,1
4473,45,Water,Stable,Stable Water,72.656,0,1,1,1,1,1
4474,45,Water,Stable,Stable Water,72.708,0,1,1,1,1,1
4475,45,Water,Stable,Stable Water,72.734,0.260000000000005,1,1,1,1,1
